codIndicador,nomeIndicador,codPerfil,nomePerfil,codMedida,tipoMovimento,dtMovto,diaMovto,mesMovto,anoMovto,anoMesDiaMovto,anoMesMovto,mesAnoMovto,vlrMovto,Cidade,Vendedor,Documento,Estrutura,Filial,Fornecedor,Historico,Mercadoria,Regiao,UF
FIN001,Faturamento,1,Faturamento,R$,Diário,2020-01-03,3,1,2020,2020-01-03,2020-01-01,2020-01-01,230.0,CONCÓRDIA,1 CLAUDIO 15/07,960/nfe1,8. 1. 6 -> Mecanica - Terceiros,1 - CGI SOFTWARE - FILIAL CARTAO DE CREDITO,BURLAMAQUE COM. DE MOTOS LT. (107),Nota de Serviços - 911,KM RODADO,.,SC
FIN001,Faturamento,1,Faturamento,R$,Diário,2020-01-20,20,1,2020,2020-01-20,2020-01-01,2020-01-01,50.0,.,MAURICIO,6661/REQ,12. 1. 1 -> Oleo e Derivados,1 - CGI SOFTWARE - FILIAL CARTAO DE CREDITO,LEONIDIO CATARINA - M (114),REQUISICAO - 113,OLEO AC DELCO 15W40 CG-4 - MOTOR DIESEL,.,.
FIN001,Faturamento,1,Faturamento,R$,Diário,2020-01-29,29,1,2020,2020-01-29,2020-01-01,2020-01-01,161.0,CONCÓRDIA,VENDEDOR DA STARA,3476/NFe,8. 1. 6 -> Mecanica - Terceiros,1 - CGI SOFTWARE - FILIAL CARTAO DE CREDITO,BURLAMAQUE COM. DE MOTOS LT. (107),VENDAS OFICINA - 61,KM RODADO,PASSO FUNDO,SC
FIN001,Faturamento,1,Faturamento,R$,Diário,2020-01-29,29,1,2020,2020-01-29,2020-01-01,2020-01-01,161.0,CONCÓRDIA,VENDEDOR DA STARA,3477/NFe,8. 1. 6 -> Mecanica - Terceiros,1 - CGI SOFTWARE - FILIAL CARTAO DE CREDITO,BURLAMAQUE COM. DE MOTOS LT. (107),VENDAS OFICINA - 61,KM RODADO,PASSO FUNDO,SC
FIN001,Faturamento,1,Faturamento,R$,Diário,2020-02-04,4,2,2020,2020-02-04,2020-02-01,2020-02-01,161.0,CONCÓRDIA,VENDEDOR DA STARA,3478/NFe,8. 1. 6 -> Mecanica - Terceiros,1 - CGI SOFTWARE - FILIAL CARTAO DE CREDITO,BURLAMAQUE COM. DE MOTOS LT. (107),VENDAS OFICINA - 61,KM RODADO,PASSO FUNDO,SC
FIN001,Faturamento,1,Faturamento,R$,Diário,2020-03-02,2,3,2020,2020-03-02,2020-03-01,2020-03-01,157.2,CONCÓRDIA,1 CLAUDIO 15/07,961/nfe1,0.64.28 -> 0.64.28,1 - CGI SOFTWARE - FILIAL CARTAO DE CREDITO,Mauricio Brocco 1 (1),VENDAS BALCAO - NF. - 6,VIGA CHASSIS CONT. ROLL-ON EST. 6500,.,SC
FIN001,Faturamento,1,Faturamento,R$,Diário,2020-03-17,17,3,2020,2020-03-17,2020-03-01,2020-03-01,1000.0,CONCÓRDIA,7 CLAUDEMIR GARBINATO,1002051/M1,0.64.28 -> 0.64.28,1 - CGI SOFTWARE - FILIAL CARTAO DE CREDITO,Mauricio Brocco 1 (1),Saídas sem ítens (extra) - 112,VIGA CHASSIS CONT. ROLL-ON EST. 6500,.,SC
FIN001,Faturamento,1,Faturamento,R$,Diário,2020-03-30,30,3,2020,2020-03-30,2020-03-01,2020-03-01,70.0,XANXERE,VENDEDOR DA STARA,3479/NFe,9. 6. 1 -> Peças Paralelas,1 - CGI SOFTWARE - FILIAL CARTAO DE CREDITO,1059 - BIG GRAVATAÍ (36),VENDAS OFICINA - 61,MAO DE OBRA DA GM,PASSO FUNDO,SC
FIN001,Faturamento,1,Faturamento,R$,Diário,2020-03-30,30,3,2020,2020-03-30,2020-03-01,2020-03-01,161.0,XANXERE,VENDEDOR DA STARA,3480/NFe,8. 1. 6 -> Mecanica - Terceiros,1 - CGI SOFTWARE - FILIAL CARTAO DE CREDITO,BURLAMAQUE COM. DE MOTOS LT. (107),VENDAS OFICINA - 61,KM RODADO,PASSO FUNDO,SC
FIN001,Faturamento,1,Faturamento,R$,Diário,2020-03-30,30,3,2020,2020-03-30,2020-03-01,2020-03-01,161.0,XANXERE,VENDEDOR DA STARA,3481/NFe,8. 1. 6 -> Mecanica - Terceiros,1 - CGI SOFTWARE - FILIAL CARTAO DE CREDITO,BURLAMAQUE COM. DE MOTOS LT. (107),VENDAS OFICINA - 61,KM RODADO,PASSO FUNDO,SC
FIN001,Faturamento,1,Faturamento,R$,Diário,2020-05-19,19,5,2020,2020-05-19,2020-05-01,2020-05-01,70.0,XANXERE,VENDEDOR DA STARA,3483/NFe,9. 6. 1 -> Peças Paralelas,1 - CGI SOFTWARE - FILIAL CARTAO DE CREDITO,1059 - BIG GRAVATAÍ (36),VENDAS OFICINA - 61,MAO DE OBRA DA GM,PASSO FUNDO,SC
FIN001,Faturamento,1,Faturamento,R$,Diário,2020-05-20,20,5,2020,2020-05-20,2020-05-01,2020-05-01,70.0,XANXERE,VENDEDOR DA STARA,3484/NFe,99. 3. 6 -> PONTEIRA,1 - CGI SOFTWARE - FILIAL CARTAO DE CREDITO,1059 - BIG GRAVATAÍ (36),VENDAS OFICINA - 61,MAO DE OBRA MECANICA TERCEIRO,PASSO FUNDO,SC
FIN001,Faturamento,1,Faturamento,R$,Diário,2020-05-20,20,5,2020,2020-05-20,2020-05-01,2020-05-01,7.0,XANXERE,VENDEDOR DA STARA,3485/NFe,10. 1. 3 -> Acabamento Interno,1 - CGI SOFTWARE - FILIAL CARTAO DE CREDITO,1059 - BIG GRAVATAÍ (36),VENDAS OFICINA - 61,ENCOSTO BANCO,PASSO FUNDO,SC
FIN001,Faturamento,1,Faturamento,R$,Diário,2020-05-20,20,5,2020,2020-05-20,2020-05-01,2020-05-01,7.0,XANXERE,VENDEDOR DA STARA,3486/NFe,10. 1. 3 -> Acabamento Interno,1 - CGI SOFTWARE - FILIAL CARTAO DE CREDITO,1059 - BIG GRAVATAÍ (36),VENDAS OFICINA - 61,CAPA,PASSO FUNDO,SC
FIN001,Faturamento,1,Faturamento,R$,Diário,2020-05-20,20,5,2020,2020-05-20,2020-05-01,2020-05-01,70.0,XANXERE,VENDEDOR DA STARA,3487/NFe,10. 1. 3 -> Acabamento Interno,1 - CGI SOFTWARE - FILIAL CARTAO DE CREDITO,1059 - BIG GRAVATAÍ (36),VENDAS OFICINA - 61,CAPA,PASSO FUNDO,SC
FIN001,Faturamento,1,Faturamento,R$,Diário,2020-06-18,18,6,2020,2020-06-18,2020-06-01,2020-06-01,40.0,Marau,1 CLAUDIO 15/07,966/nfe1,8. 1. 6 -> Mecanica - Terceiros,1 - CGI SOFTWARE - FILIAL CARTAO DE CREDITO,BURLAMAQUE COM. DE MOTOS LT. (107),VENDAS BALCAO - NF. - 6,KM RODADO,.,RS
FIN001,Faturamento,1,Faturamento,R$,Diário,2020-06-18,18,6,2020,2020-06-18,2020-06-01,2020-06-01,500.0,XANXERE,1 CLAUDIO 15/07,962/nfe1,8. 1. 6 -> Mecanica - Terceiros,1 - CGI SOFTWARE - FILIAL CARTAO DE CREDITO,BURLAMAQUE COM. DE MOTOS LT. (107),VENDAS BALCAO - NF. - 6,KM RODADO,.,SC
FIN001,Faturamento,1,Faturamento,R$,Diário,2020-06-18,18,6,2020,2020-06-18,2020-06-01,2020-06-01,140.0,XANXERE,1 CLAUDIO 15/07,964/nfe1,8. 1. 6 -> Mecanica - Terceiros,1 - CGI SOFTWARE - FILIAL CARTAO DE CREDITO,BURLAMAQUE COM. DE MOTOS LT. (107),VENDAS VEICULOS - 7,KM RODADO,.,SC
FIN001,Faturamento,1,Faturamento,R$,Diário,2020-06-18,18,6,2020,2020-06-18,2020-06-01,2020-06-01,340.0,XANXERE,1 CLAUDIO 15/07,965/nfe1,8. 1. 6 -> Mecanica - Terceiros,1 - CGI SOFTWARE - FILIAL CARTAO DE CREDITO,BURLAMAQUE COM. DE MOTOS LT. (107),VENDAS VEICULOS - 7,KM RODADO,.,SC
FIN001,Faturamento,1,Faturamento,R$,Diário,2020-07-23,23,7,2020,2020-07-23,2020-07-01,2020-07-01,50.0,.,.,6703/REQ,1. 1. 1 -> Automoveis Novos,1 - CGI SOFTWARE - FILIAL CARTAO DE CREDITO,Mauricio Brocco 1 (1),REQUISICAO - 113,DESLOCAMENTO,.,.
FIN001,Faturamento,1,Faturamento,R$,Diário,2020-07-23,23,7,2020,2020-07-23,2020-07-01,2020-07-01,12.0,.,.,6703/REQ,1. 1. 1 -> Automoveis Novos,1 - CGI SOFTWARE - FILIAL CARTAO DE CREDITO,Mauricio Brocco 1 (1),REQUISICAO - 113,REVISAO,.,.
FIN001,Faturamento,1,Faturamento,R$,Diário,2020-07-23,23,7,2020,2020-07-23,2020-07-01,2020-07-01,100.0,.,.,6703/REQ,1. 1. 1 -> Automoveis Novos,1 - CGI SOFTWARE - FILIAL CARTAO DE CREDITO,Mauricio Brocco 1 (1),REQUISICAO - 113,servico,.,.
FIN001,Faturamento,1,Faturamento,R$,Diário,2020-07-23,23,7,2020,2020-07-23,2020-07-01,2020-07-01,4600.0,.,.,6703/REQ,8. 1. 6 -> Mecanica - Terceiros,1 - CGI SOFTWARE - FILIAL CARTAO DE CREDITO,BURLAMAQUE COM. DE MOTOS LT. (107),REQUISICAO - 113,KM RODADO,.,.
FIN001,Faturamento,1,Faturamento,R$,Diário,2020-07-23,23,7,2020,2020-07-23,2020-07-01,2020-07-01,500.0,.,MAURICIO,6690/REQ,9. 1.12 -> Sistema Eletrico,1 - CGI SOFTWARE - FILIAL CARTAO DE CREDITO,Mauricio Brocco 1 (1),REQUISICAO - 113,"""ADAP F 1/2"""" NPTXM 3/8""""NPT D10 """,.,.
FIN001,Faturamento,1,Faturamento,R$,Diário,2020-07-23,23,7,2020,2020-07-23,2020-07-01,2020-07-01,50.0,.,MAURICIO,6691/REQ,12. 1. 1 -> Oleo e Derivados,1 - CGI SOFTWARE - FILIAL CARTAO DE CREDITO,LEONIDIO CATARINA - M (114),REQUISICAO - 113,OLEO AC DELCO 15W40 CG-4 - MOTOR DIESEL,.,.
FIN001,Faturamento,1,Faturamento,R$,Diário,2020-07-23,23,7,2020,2020-07-23,2020-07-01,2020-07-01,50.0,.,MAURICIO,6692/REQ,12. 1. 1 -> Oleo e Derivados,1 - CGI SOFTWARE - FILIAL CARTAO DE CREDITO,LEONIDIO CATARINA - M (114),REQUISICAO - 113,OLEO AC DELCO 15W40 CG-4 - MOTOR DIESEL,.,.
FIN001,Faturamento,1,Faturamento,R$,Diário,2020-07-23,23,7,2020,2020-07-23,2020-07-01,2020-07-01,50.0,.,MAURICIO,6693/REQ,12. 1. 1 -> Oleo e Derivados,1 - CGI SOFTWARE - FILIAL CARTAO DE CREDITO,LEONIDIO CATARINA - M (114),REQUISICAO - 113,OLEO AC DELCO 15W40 CG-4 - MOTOR DIESEL,.,.
FIN001,Faturamento,1,Faturamento,R$,Diário,2020-07-23,23,7,2020,2020-07-23,2020-07-01,2020-07-01,50.0,.,MAURICIO,6694/REQ,12. 1. 1 -> Oleo e Derivados,1 - CGI SOFTWARE - FILIAL CARTAO DE CREDITO,LEONIDIO CATARINA - M (114),REQUISICAO - 113,OLEO AC DELCO 15W40 CG-4 - MOTOR DIESEL,.,.
FIN001,Faturamento,1,Faturamento,R$,Diário,2020-07-23,23,7,2020,2020-07-23,2020-07-01,2020-07-01,50.0,.,MAURICIO,6695/REQ,12. 1. 1 -> Oleo e Derivados,1 - CGI SOFTWARE - FILIAL CARTAO DE CREDITO,LEONIDIO CATARINA - M (114),REQUISICAO - 113,OLEO AC DELCO 15W40 CG-4 - MOTOR DIESEL,.,.
FIN001,Faturamento,1,Faturamento,R$,Diário,2020-07-23,23,7,2020,2020-07-23,2020-07-01,2020-07-01,50.0,.,MAURICIO,6696/REQ,12. 1. 1 -> Oleo e Derivados,1 - CGI SOFTWARE - FILIAL CARTAO DE CREDITO,LEONIDIO CATARINA - M (114),REQUISICAO - 113,OLEO AC DELCO 15W40 CG-4 - MOTOR DIESEL,.,.
FIN001,Faturamento,1,Faturamento,R$,Diário,2020-07-23,23,7,2020,2020-07-23,2020-07-01,2020-07-01,50.0,.,MAURICIO,6697/REQ,12. 1. 1 -> Oleo e Derivados,1 - CGI SOFTWARE - FILIAL CARTAO DE CREDITO,LEONIDIO CATARINA - M (114),REQUISICAO - 113,OLEO AC DELCO 15W40 CG-4 - MOTOR DIESEL,.,.
FIN001,Faturamento,1,Faturamento,R$,Diário,2020-07-23,23,7,2020,2020-07-23,2020-07-01,2020-07-01,50.0,.,MAURICIO,6698/REQ,12. 1. 1 -> Oleo e Derivados,1 - CGI SOFTWARE - FILIAL CARTAO DE CREDITO,LEONIDIO CATARINA - M (114),REQUISICAO - 113,OLEO AC DELCO 15W40 CG-4 - MOTOR DIESEL,.,.
FIN001,Faturamento,1,Faturamento,R$,Diário,2020-07-23,23,7,2020,2020-07-23,2020-07-01,2020-07-01,50.0,.,MAURICIO,6699/REQ,12. 1. 1 -> Oleo e Derivados,1 - CGI SOFTWARE - FILIAL CARTAO DE CREDITO,LEONIDIO CATARINA - M (114),REQUISICAO - 113,OLEO AC DELCO 15W40 CG-4 - MOTOR DIESEL,.,.
FIN001,Faturamento,1,Faturamento,R$,Diário,2020-07-24,24,7,2020,2020-07-24,2020-07-01,2020-07-01,50.0,.,.,6700/REQ,1. 1. 1 -> Automoveis Novos,1 - CGI SOFTWARE - FILIAL CARTAO DE CREDITO,Mauricio Brocco 1 (1),REQUISICAO - 113,DESLOCAMENTO,.,.
FIN001,Faturamento,1,Faturamento,R$,Diário,2020-07-24,24,7,2020,2020-07-24,2020-07-01,2020-07-01,12.0,.,.,6700/REQ,1. 1. 1 -> Automoveis Novos,1 - CGI SOFTWARE - FILIAL CARTAO DE CREDITO,Mauricio Brocco 1 (1),REQUISICAO - 113,REVISAO,.,.
FIN001,Faturamento,1,Faturamento,R$,Diário,2020-07-24,24,7,2020,2020-07-24,2020-07-01,2020-07-01,100.0,.,.,6700/REQ,1. 1. 1 -> Automoveis Novos,1 - CGI SOFTWARE - FILIAL CARTAO DE CREDITO,Mauricio Brocco 1 (1),REQUISICAO - 113,servico,.,.
FIN001,Faturamento,1,Faturamento,R$,Diário,2020-07-24,24,7,2020,2020-07-24,2020-07-01,2020-07-01,4600.0,.,.,6700/REQ,8. 1. 6 -> Mecanica - Terceiros,1 - CGI SOFTWARE - FILIAL CARTAO DE CREDITO,BURLAMAQUE COM. DE MOTOS LT. (107),REQUISICAO - 113,KM RODADO,.,.
FIN001,Faturamento,1,Faturamento,R$,Diário,2020-07-24,24,7,2020,2020-07-24,2020-07-01,2020-07-01,50.0,.,.,6701/REQ,1. 1. 1 -> Automoveis Novos,1 - CGI SOFTWARE - FILIAL CARTAO DE CREDITO,Mauricio Brocco 1 (1),REQUISICAO - 113,DESLOCAMENTO,.,.
FIN001,Faturamento,1,Faturamento,R$,Diário,2020-07-24,24,7,2020,2020-07-24,2020-07-01,2020-07-01,100.0,.,.,6701/REQ,1. 1. 1 -> Automoveis Novos,1 - CGI SOFTWARE - FILIAL CARTAO DE CREDITO,Mauricio Brocco 1 (1),REQUISICAO - 113,servico,.,.
FIN001,Faturamento,1,Faturamento,R$,Diário,2020-07-24,24,7,2020,2020-07-24,2020-07-01,2020-07-01,4600.0,.,.,6701/REQ,8. 1. 6 -> Mecanica - Terceiros,1 - CGI SOFTWARE - FILIAL CARTAO DE CREDITO,BURLAMAQUE COM. DE MOTOS LT. (107),REQUISICAO - 113,KM RODADO,.,.
FIN001,Faturamento,1,Faturamento,R$,Diário,2020-07-24,24,7,2020,2020-07-24,2020-07-01,2020-07-01,12.0,.,.,6702/REQ,1. 1. 1 -> Automoveis Novos,1 - CGI SOFTWARE - FILIAL CARTAO DE CREDITO,Mauricio Brocco 1 (1),REQUISICAO - 113,REVISAO,.,.
FIN001,Faturamento,1,Faturamento,R$,Diário,2020-07-24,24,7,2020,2020-07-24,2020-07-01,2020-07-01,230.0,.,.,6702/REQ,8. 1. 6 -> Mecanica - Terceiros,1 - CGI SOFTWARE - FILIAL CARTAO DE CREDITO,BURLAMAQUE COM. DE MOTOS LT. (107),REQUISICAO - 113,KM RODADO,.,.
FIN001,Faturamento,1,Faturamento,R$,Diário,2020-07-24,24,7,2020,2020-07-24,2020-07-01,2020-07-01,10.29,CHAPECÓ,2 VENDEDOR 15/07,3536/NFe,1. 1. 1 -> Automoveis Novos,1 - CGI SOFTWARE - FILIAL CARTAO DE CREDITO,Mauricio Brocco 1 (1),VENDAS OFICINA - 61,REVISAO,PASSO FUNDO,SC
FIN001,Faturamento,1,Faturamento,R$,Diário,2020-07-24,24,7,2020,2020-07-24,2020-07-01,2020-07-01,0.0,CHAPECÓ,2 VENDEDOR 15/07,3536/NFe,8. 1. 6 -> Mecanica - Terceiros,1 - CGI SOFTWARE - FILIAL CARTAO DE CREDITO,BURLAMAQUE COM. DE MOTOS LT. (107),VENDAS OFICINA - 61,KM RODADO,PASSO FUNDO,SC
FIN001,Faturamento,1,Faturamento,R$,Diário,2020-07-27,27,7,2020,2020-07-27,2020-07-01,2020-07-01,50.0,.,.,6704/REQ,1. 1. 1 -> Automoveis Novos,1 - CGI SOFTWARE - FILIAL CARTAO DE CREDITO,Mauricio Brocco 1 (1),REQUISICAO - 113,DESLOCAMENTO,.,.
FIN001,Faturamento,1,Faturamento,R$,Diário,2020-07-27,27,7,2020,2020-07-27,2020-07-01,2020-07-01,12.0,.,.,6704/REQ,1. 1. 1 -> Automoveis Novos,1 - CGI SOFTWARE - FILIAL CARTAO DE CREDITO,Mauricio Brocco 1 (1),REQUISICAO - 113,REVISAO,.,.
FIN001,Faturamento,1,Faturamento,R$,Diário,2020-07-27,27,7,2020,2020-07-27,2020-07-01,2020-07-01,100.0,.,.,6704/REQ,1. 1. 1 -> Automoveis Novos,1 - CGI SOFTWARE - FILIAL CARTAO DE CREDITO,Mauricio Brocco 1 (1),REQUISICAO - 113,servico,.,.
FIN001,Faturamento,1,Faturamento,R$,Diário,2020-07-27,27,7,2020,2020-07-27,2020-07-01,2020-07-01,4600.0,.,.,6704/REQ,8. 1. 6 -> Mecanica - Terceiros,1 - CGI SOFTWARE - FILIAL CARTAO DE CREDITO,BURLAMAQUE COM. DE MOTOS LT. (107),REQUISICAO - 113,KM RODADO,.,.
FIN001,Faturamento,1,Faturamento,R$,Diário,2020-07-27,27,7,2020,2020-07-27,2020-07-01,2020-07-01,50.0,.,.,6705/REQ,1. 1. 1 -> Automoveis Novos,1 - CGI SOFTWARE - FILIAL CARTAO DE CREDITO,Mauricio Brocco 1 (1),REQUISICAO - 113,DESLOCAMENTO,.,.
FIN001,Faturamento,1,Faturamento,R$,Diário,2020-07-27,27,7,2020,2020-07-27,2020-07-01,2020-07-01,12.0,.,.,6705/REQ,1. 1. 1 -> Automoveis Novos,1 - CGI SOFTWARE - FILIAL CARTAO DE CREDITO,Mauricio Brocco 1 (1),REQUISICAO - 113,REVISAO,.,.
FIN001,Faturamento,1,Faturamento,R$,Diário,2020-07-27,27,7,2020,2020-07-27,2020-07-01,2020-07-01,100.0,.,.,6705/REQ,1. 1. 1 -> Automoveis Novos,1 - CGI SOFTWARE - FILIAL CARTAO DE CREDITO,Mauricio Brocco 1 (1),REQUISICAO - 113,servico,.,.
FIN001,Faturamento,1,Faturamento,R$,Diário,2020-07-27,27,7,2020,2020-07-27,2020-07-01,2020-07-01,4600.0,.,.,6705/REQ,8. 1. 6 -> Mecanica - Terceiros,1 - CGI SOFTWARE - FILIAL CARTAO DE CREDITO,BURLAMAQUE COM. DE MOTOS LT. (107),REQUISICAO - 113,KM RODADO,.,.
FIN001,Faturamento,1,Faturamento,R$,Diário,2020-07-27,27,7,2020,2020-07-27,2020-07-01,2020-07-01,50.0,.,.,6706/REQ,1. 1. 1 -> Automoveis Novos,1 - CGI SOFTWARE - FILIAL CARTAO DE CREDITO,Mauricio Brocco 1 (1),REQUISICAO - 113,DESLOCAMENTO,.,.
FIN001,Faturamento,1,Faturamento,R$,Diário,2020-07-27,27,7,2020,2020-07-27,2020-07-01,2020-07-01,12.0,.,.,6706/REQ,1. 1. 1 -> Automoveis Novos,1 - CGI SOFTWARE - FILIAL CARTAO DE CREDITO,Mauricio Brocco 1 (1),REQUISICAO - 113,REVISAO,.,.
FIN001,Faturamento,1,Faturamento,R$,Diário,2020-07-27,27,7,2020,2020-07-27,2020-07-01,2020-07-01,100.0,.,.,6706/REQ,1. 1. 1 -> Automoveis Novos,1 - CGI SOFTWARE - FILIAL CARTAO DE CREDITO,Mauricio Brocco 1 (1),REQUISICAO - 113,servico,.,.
FIN001,Faturamento,1,Faturamento,R$,Diário,2020-07-27,27,7,2020,2020-07-27,2020-07-01,2020-07-01,4600.0,.,.,6706/REQ,8. 1. 6 -> Mecanica - Terceiros,1 - CGI SOFTWARE - FILIAL CARTAO DE CREDITO,BURLAMAQUE COM. DE MOTOS LT. (107),REQUISICAO - 113,KM RODADO,.,.
FIN001,Faturamento,1,Faturamento,R$,Diário,2020-07-27,27,7,2020,2020-07-27,2020-07-01,2020-07-01,50.0,.,.,6707/REQ,1. 1. 1 -> Automoveis Novos,1 - CGI SOFTWARE - FILIAL CARTAO DE CREDITO,Mauricio Brocco 1 (1),REQUISICAO - 113,DESLOCAMENTO,.,.
FIN001,Faturamento,1,Faturamento,R$,Diário,2020-07-27,27,7,2020,2020-07-27,2020-07-01,2020-07-01,12.0,.,.,6707/REQ,1. 1. 1 -> Automoveis Novos,1 - CGI SOFTWARE - FILIAL CARTAO DE CREDITO,Mauricio Brocco 1 (1),REQUISICAO - 113,REVISAO,.,.
FIN001,Faturamento,1,Faturamento,R$,Diário,2020-07-27,27,7,2020,2020-07-27,2020-07-01,2020-07-01,100.0,.,.,6707/REQ,1. 1. 1 -> Automoveis Novos,1 - CGI SOFTWARE - FILIAL CARTAO DE CREDITO,Mauricio Brocco 1 (1),REQUISICAO - 113,servico,.,.
FIN001,Faturamento,1,Faturamento,R$,Diário,2020-07-27,27,7,2020,2020-07-27,2020-07-01,2020-07-01,4600.0,.,.,6707/REQ,8. 1. 6 -> Mecanica - Terceiros,1 - CGI SOFTWARE - FILIAL CARTAO DE CREDITO,BURLAMAQUE COM. DE MOTOS LT. (107),REQUISICAO - 113,KM RODADO,.,.
FIN001,Faturamento,1,Faturamento,R$,Diário,2020-07-27,27,7,2020,2020-07-27,2020-07-01,2020-07-01,100.0,.,.,6708/REQ,1. 1. 1 -> Automoveis Novos,1 - CGI SOFTWARE - FILIAL CARTAO DE CREDITO,Mauricio Brocco 1 (1),REQUISICAO - 113,servico,.,.
FIN001,Faturamento,1,Faturamento,R$,Diário,2020-07-27,27,7,2020,2020-07-27,2020-07-01,2020-07-01,4600.0,.,.,6708/REQ,8. 1. 6 -> Mecanica - Terceiros,1 - CGI SOFTWARE - FILIAL CARTAO DE CREDITO,BURLAMAQUE COM. DE MOTOS LT. (107),REQUISICAO - 113,KM RODADO,.,.
FIN001,Faturamento,1,Faturamento,R$,Diário,2020-07-27,27,7,2020,2020-07-27,2020-07-01,2020-07-01,100.0,.,.,6709/REQ,1. 1. 1 -> Automoveis Novos,1 - CGI SOFTWARE - FILIAL CARTAO DE CREDITO,Mauricio Brocco 1 (1),REQUISICAO - 113,servico,.,.
FIN001,Faturamento,1,Faturamento,R$,Diário,2020-07-27,27,7,2020,2020-07-27,2020-07-01,2020-07-01,4600.0,.,.,6709/REQ,8. 1. 6 -> Mecanica - Terceiros,1 - CGI SOFTWARE - FILIAL CARTAO DE CREDITO,BURLAMAQUE COM. DE MOTOS LT. (107),REQUISICAO - 113,KM RODADO,.,.
FIN001,Faturamento,1,Faturamento,R$,Diário,2020-07-27,27,7,2020,2020-07-27,2020-07-01,2020-07-01,4600.0,.,.,6710/REQ,8. 1. 6 -> Mecanica - Terceiros,1 - CGI SOFTWARE - FILIAL CARTAO DE CREDITO,BURLAMAQUE COM. DE MOTOS LT. (107),REQUISICAO - 113,KM RODADO,.,.
FIN001,Faturamento,1,Faturamento,R$,Diário,2020-07-27,27,7,2020,2020-07-27,2020-07-01,2020-07-01,100.0,.,.,6711/REQ,1. 1. 1 -> Automoveis Novos,1 - CGI SOFTWARE - FILIAL CARTAO DE CREDITO,Mauricio Brocco 1 (1),REQUISICAO - 113,servico,.,.
FIN001,Faturamento,1,Faturamento,R$,Diário,2020-07-27,27,7,2020,2020-07-27,2020-07-01,2020-07-01,4600.0,.,.,6712/REQ,8. 1. 6 -> Mecanica - Terceiros,1 - CGI SOFTWARE - FILIAL CARTAO DE CREDITO,BURLAMAQUE COM. DE MOTOS LT. (107),REQUISICAO - 113,KM RODADO,.,.
FIN001,Faturamento,1,Faturamento,R$,Diário,2020-07-27,27,7,2020,2020-07-27,2020-07-01,2020-07-01,100.0,.,.,6713/REQ,1. 1. 1 -> Automoveis Novos,1 - CGI SOFTWARE - FILIAL CARTAO DE CREDITO,Mauricio Brocco 1 (1),REQUISICAO - 113,servico,.,.
FIN001,Faturamento,1,Faturamento,R$,Diário,2020-07-27,27,7,2020,2020-07-27,2020-07-01,2020-07-01,4600.0,.,.,6714/REQ,8. 1. 6 -> Mecanica - Terceiros,1 - CGI SOFTWARE - FILIAL CARTAO DE CREDITO,BURLAMAQUE COM. DE MOTOS LT. (107),REQUISICAO - 113,KM RODADO,.,.
FIN001,Faturamento,1,Faturamento,R$,Diário,2020-07-27,27,7,2020,2020-07-27,2020-07-01,2020-07-01,100.0,.,.,6715/REQ,1. 1. 1 -> Automoveis Novos,1 - CGI SOFTWARE - FILIAL CARTAO DE CREDITO,Mauricio Brocco 1 (1),REQUISICAO - 113,servico,.,.
FIN001,Faturamento,1,Faturamento,R$,Diário,2020-07-27,27,7,2020,2020-07-27,2020-07-01,2020-07-01,100.0,.,.,6716/REQ,1. 1. 1 -> Automoveis Novos,1 - CGI SOFTWARE - FILIAL CARTAO DE CREDITO,Mauricio Brocco 1 (1),REQUISICAO - 113,servico,.,.
FIN001,Faturamento,1,Faturamento,R$,Diário,2020-07-27,27,7,2020,2020-07-27,2020-07-01,2020-07-01,4600.0,.,.,6716/REQ,8. 1. 6 -> Mecanica - Terceiros,1 - CGI SOFTWARE - FILIAL CARTAO DE CREDITO,BURLAMAQUE COM. DE MOTOS LT. (107),REQUISICAO - 113,KM RODADO,.,.
FIN001,Faturamento,1,Faturamento,R$,Diário,2020-07-27,27,7,2020,2020-07-27,2020-07-01,2020-07-01,100.0,.,.,6717/REQ,1. 1. 1 -> Automoveis Novos,1 - CGI SOFTWARE - FILIAL CARTAO DE CREDITO,Mauricio Brocco 1 (1),REQUISICAO - 113,servico,.,.
FIN001,Faturamento,1,Faturamento,R$,Diário,2020-07-27,27,7,2020,2020-07-27,2020-07-01,2020-07-01,4600.0,.,.,6717/REQ,8. 1. 6 -> Mecanica - Terceiros,1 - CGI SOFTWARE - FILIAL CARTAO DE CREDITO,BURLAMAQUE COM. DE MOTOS LT. (107),REQUISICAO - 113,KM RODADO,.,.
FIN001,Faturamento,1,Faturamento,R$,Diário,2020-07-27,27,7,2020,2020-07-27,2020-07-01,2020-07-01,100.0,.,.,6718/REQ,1. 1. 1 -> Automoveis Novos,1 - CGI SOFTWARE - FILIAL CARTAO DE CREDITO,Mauricio Brocco 1 (1),REQUISICAO - 113,servico,.,.
FIN001,Faturamento,1,Faturamento,R$,Diário,2020-07-27,27,7,2020,2020-07-27,2020-07-01,2020-07-01,4600.0,.,.,6718/REQ,8. 1. 6 -> Mecanica - Terceiros,1 - CGI SOFTWARE - FILIAL CARTAO DE CREDITO,BURLAMAQUE COM. DE MOTOS LT. (107),REQUISICAO - 113,KM RODADO,.,.
FIN001,Faturamento,1,Faturamento,R$,Diário,2020-07-27,27,7,2020,2020-07-27,2020-07-01,2020-07-01,100.0,.,.,6719/REQ,1. 1. 1 -> Automoveis Novos,1 - CGI SOFTWARE - FILIAL CARTAO DE CREDITO,Mauricio Brocco 1 (1),REQUISICAO - 113,servico,.,.
FIN001,Faturamento,1,Faturamento,R$,Diário,2020-07-27,27,7,2020,2020-07-27,2020-07-01,2020-07-01,4600.0,.,.,6719/REQ,8. 1. 6 -> Mecanica - Terceiros,1 - CGI SOFTWARE - FILIAL CARTAO DE CREDITO,BURLAMAQUE COM. DE MOTOS LT. (107),REQUISICAO - 113,KM RODADO,.,.
FIN001,Faturamento,1,Faturamento,R$,Diário,2020-07-27,27,7,2020,2020-07-27,2020-07-01,2020-07-01,100.0,.,.,6720/REQ,1. 1. 1 -> Automoveis Novos,1 - CGI SOFTWARE - FILIAL CARTAO DE CREDITO,Mauricio Brocco 1 (1),REQUISICAO - 113,servico,.,.
FIN001,Faturamento,1,Faturamento,R$,Diário,2020-07-27,27,7,2020,2020-07-27,2020-07-01,2020-07-01,4600.0,.,.,6720/REQ,8. 1. 6 -> Mecanica - Terceiros,1 - CGI SOFTWARE - FILIAL CARTAO DE CREDITO,BURLAMAQUE COM. DE MOTOS LT. (107),REQUISICAO - 113,KM RODADO,.,.
FIN001,Faturamento,1,Faturamento,R$,Diário,2020-07-27,27,7,2020,2020-07-27,2020-07-01,2020-07-01,100.0,.,.,6721/REQ,1. 1. 1 -> Automoveis Novos,1 - CGI SOFTWARE - FILIAL CARTAO DE CREDITO,Mauricio Brocco 1 (1),REQUISICAO - 113,servico,.,.
FIN001,Faturamento,1,Faturamento,R$,Diário,2020-07-27,27,7,2020,2020-07-27,2020-07-01,2020-07-01,4600.0,.,.,6722/REQ,8. 1. 6 -> Mecanica - Terceiros,1 - CGI SOFTWARE - FILIAL CARTAO DE CREDITO,BURLAMAQUE COM. DE MOTOS LT. (107),REQUISICAO - 113,KM RODADO,.,.
FIN001,Faturamento,1,Faturamento,R$,Diário,2020-07-27,27,7,2020,2020-07-27,2020-07-01,2020-07-01,100.0,.,.,6723/REQ,1. 1. 1 -> Automoveis Novos,1 - CGI SOFTWARE - FILIAL CARTAO DE CREDITO,Mauricio Brocco 1 (1),REQUISICAO - 113,servico,.,.
FIN001,Faturamento,1,Faturamento,R$,Diário,2020-07-27,27,7,2020,2020-07-27,2020-07-01,2020-07-01,4600.0,.,.,6723/REQ,8. 1. 6 -> Mecanica - Terceiros,1 - CGI SOFTWARE - FILIAL CARTAO DE CREDITO,BURLAMAQUE COM. DE MOTOS LT. (107),REQUISICAO - 113,KM RODADO,.,.
FIN001,Faturamento,1,Faturamento,R$,Diário,2020-07-31,31,7,2020,2020-07-31,2020-07-01,2020-07-01,230.0,.,MAURICIO,6724/REQ,8. 1. 6 -> Mecanica - Terceiros,1 - CGI SOFTWARE - FILIAL CARTAO DE CREDITO,BURLAMAQUE COM. DE MOTOS LT. (107),REQUISICAO - 113,KM RODADO,.,.
FIN001,Faturamento,1,Faturamento,R$,Diário,2020-07-31,31,7,2020,2020-07-31,2020-07-01,2020-07-01,230.0,.,MAURICIO,6725/REQ,8. 1. 6 -> Mecanica - Terceiros,1 - CGI SOFTWARE - FILIAL CARTAO DE CREDITO,BURLAMAQUE COM. DE MOTOS LT. (107),REQUISICAO - 113,KM RODADO,.,.
FIN001,Faturamento,1,Faturamento,R$,Diário,2020-07-31,31,7,2020,2020-07-31,2020-07-01,2020-07-01,50.0,.,MAURICIO,6726/REQ,12. 1. 1 -> Oleo e Derivados,1 - CGI SOFTWARE - FILIAL CARTAO DE CREDITO,LEONIDIO CATARINA - M (114),REQUISICAO - 113,OLEO AC DELCO 15W40 CG-4 - MOTOR DIESEL,.,.
FIN001,Faturamento,1,Faturamento,R$,Diário,2020-07-31,31,7,2020,2020-07-31,2020-07-01,2020-07-01,195.5,PASSO FUNDO,FABIO,1001446/,8. 1. 6 -> Mecanica - Terceiros,1 - CGI SOFTWARE - FILIAL CARTAO DE CREDITO,BURLAMAQUE COM. DE MOTOS LT. (107),Saídas trânsito - 30,KM RODADO,PASSO FUNDO,RS
FIN001,Faturamento,1,Faturamento,R$,Diário,2020-07-31,31,7,2020,2020-07-31,2020-07-01,2020-07-01,415.84,PASSO FUNDO,FABIO,1001446/," 9. 1.10 -> Suspençao Traseira, Para-Choque",1 - CGI SOFTWARE - FILIAL CARTAO DE CREDITO,1059 - BIG GRAVATAÍ (36),Saídas trânsito - 30,ABSORV. IMPACTO      *,PASSO FUNDO,RS
FIN001,Faturamento,1,Faturamento,R$,Diário,2020-07-31,31,7,2020,2020-07-31,2020-07-01,2020-07-01,17.0,PASSO FUNDO,FABIO,1001447/,12. 1. 1 -> Oleo e Derivados,1 - CGI SOFTWARE - FILIAL CARTAO DE CREDITO,LEONIDIO CATARINA - M (114),Saídas trânsito - 30,OLEO AC DELCO 15W40 CG-4 - MOTOR DIESEL,PASSO FUNDO,RS
FIN001,Faturamento,1,Faturamento,R$,Diário,2020-07-31,31,7,2020,2020-07-31,2020-07-01,2020-07-01,17.0,PASSO FUNDO,FABIO,1001448/,12. 1. 1 -> Oleo e Derivados,1 - CGI SOFTWARE - FILIAL CARTAO DE CREDITO,LEONIDIO CATARINA - M (114),Saídas trânsito - 30,OLEO AC DELCO 15W40 CG-4 - MOTOR DIESEL,PASSO FUNDO,RS
FIN001,Faturamento,1,Faturamento,R$,Diário,2020-08-03,3,8,2020,2020-08-03,2020-08-01,2020-08-01,100.0,.,.,6727/REQ,1. 1. 1 -> Automoveis Novos,1 - CGI SOFTWARE - FILIAL CARTAO DE CREDITO,Mauricio Brocco 1 (1),REQUISICAO - 113,servico,.,.
FIN001,Faturamento,1,Faturamento,R$,Diário,2020-08-03,3,8,2020,2020-08-03,2020-08-01,2020-08-01,4600.0,.,.,6728/REQ,8. 1. 6 -> Mecanica - Terceiros,1 - CGI SOFTWARE - FILIAL CARTAO DE CREDITO,BURLAMAQUE COM. DE MOTOS LT. (107),REQUISICAO - 113,KM RODADO,.,.
FIN001,Faturamento,1,Faturamento,R$,Diário,2020-08-03,3,8,2020,2020-08-03,2020-08-01,2020-08-01,100.0,.,.,6729/REQ,1. 1. 1 -> Automoveis Novos,1 - CGI SOFTWARE - FILIAL CARTAO DE CREDITO,Mauricio Brocco 1 (1),REQUISICAO - 113,servico,.,.
FIN001,Faturamento,1,Faturamento,R$,Diário,2020-08-03,3,8,2020,2020-08-03,2020-08-01,2020-08-01,4600.0,.,.,6729/REQ,8. 1. 6 -> Mecanica - Terceiros,1 - CGI SOFTWARE - FILIAL CARTAO DE CREDITO,BURLAMAQUE COM. DE MOTOS LT. (107),REQUISICAO - 113,KM RODADO,.,.
FIN001,Faturamento,1,Faturamento,R$,Diário,2020-08-18,18,8,2020,2020-08-18,2020-08-01,2020-08-01,230.0,CAMPO VERDE,1 CLAUDIO 15/07,967/nfe1,8. 1. 6 -> Mecanica - Terceiros,1 - CGI SOFTWARE - FILIAL CARTAO DE CREDITO,BURLAMAQUE COM. DE MOTOS LT. (107),VENDAS BALCAO - NF. - 6,KM RODADO,.,MT
FIN001,Faturamento,1,Faturamento,R$,Diário,2020-08-25,25,8,2020,2020-08-25,2020-08-01,2020-08-01,57500.0,.,.,6730/REQ,8. 1. 6 -> Mecanica - Terceiros,1 - CGI SOFTWARE - FILIAL CARTAO DE CREDITO,BURLAMAQUE COM. DE MOTOS LT. (107),REQUISICAO - 113,KM RODADO,.,.
FIN001,Faturamento,1,Faturamento,R$,Diário,2020-08-26,26,8,2020,2020-08-26,2020-08-01,2020-08-01,57500.0,.,.,6731/REQ,8. 1. 6 -> Mecanica - Terceiros,1 - CGI SOFTWARE - FILIAL CARTAO DE CREDITO,BURLAMAQUE COM. DE MOTOS LT. (107),REQUISICAO - 113,KM RODADO,.,.
FIN001,Faturamento,1,Faturamento,R$,Diário,2020-08-26,26,8,2020,2020-08-26,2020-08-01,2020-08-01,57500.0,.,.,6732/REQ,8. 1. 6 -> Mecanica - Terceiros,1 - CGI SOFTWARE - FILIAL CARTAO DE CREDITO,BURLAMAQUE COM. DE MOTOS LT. (107),REQUISICAO - 113,KM RODADO,.,.
FIN001,Faturamento,1,Faturamento,R$,Diário,2020-08-26,26,8,2020,2020-08-26,2020-08-01,2020-08-01,57500.0,.,.,6733/REQ,8. 1. 6 -> Mecanica - Terceiros,1 - CGI SOFTWARE - FILIAL CARTAO DE CREDITO,BURLAMAQUE COM. DE MOTOS LT. (107),REQUISICAO - 113,KM RODADO,.,.
FIN001,Faturamento,1,Faturamento,R$,Diário,2020-08-26,26,8,2020,2020-08-26,2020-08-01,2020-08-01,57500.0,.,.,6734/REQ,8. 1. 6 -> Mecanica - Terceiros,1 - CGI SOFTWARE - FILIAL CARTAO DE CREDITO,BURLAMAQUE COM. DE MOTOS LT. (107),REQUISICAO - 113,KM RODADO,.,.
FIN001,Faturamento,1,Faturamento,R$,Diário,2020-08-26,26,8,2020,2020-08-26,2020-08-01,2020-08-01,57500.0,.,.,6735/REQ,8. 1. 6 -> Mecanica - Terceiros,1 - CGI SOFTWARE - FILIAL CARTAO DE CREDITO,BURLAMAQUE COM. DE MOTOS LT. (107),REQUISICAO - 113,KM RODADO,.,.
FIN001,Faturamento,1,Faturamento,R$,Diário,2020-08-26,26,8,2020,2020-08-26,2020-08-01,2020-08-01,57500.0,.,.,6736/REQ,8. 1. 6 -> Mecanica - Terceiros,1 - CGI SOFTWARE - FILIAL CARTAO DE CREDITO,BURLAMAQUE COM. DE MOTOS LT. (107),REQUISICAO - 113,KM RODADO,.,.
FIN001,Faturamento,1,Faturamento,R$,Diário,2020-08-27,27,8,2020,2020-08-27,2020-08-01,2020-08-01,57500.0,.,.,6737/REQ,8. 1. 6 -> Mecanica - Terceiros,1 - CGI SOFTWARE - FILIAL CARTAO DE CREDITO,BURLAMAQUE COM. DE MOTOS LT. (107),REQUISICAO - 113,KM RODADO,.,.
FIN001,Faturamento,1,Faturamento,R$,Diário,2020-08-28,28,8,2020,2020-08-28,2020-08-01,2020-08-01,57500.0,.,.,6738/REQ,8. 1. 6 -> Mecanica - Terceiros,1 - CGI SOFTWARE - FILIAL CARTAO DE CREDITO,BURLAMAQUE COM. DE MOTOS LT. (107),REQUISICAO - 113,KM RODADO,.,.
FIN001,Faturamento,1,Faturamento,R$,Diário,2020-09-01,1,9,2020,2020-09-01,2020-09-01,2020-09-01,57500.0,.,.,6739/REQ,8. 1. 6 -> Mecanica - Terceiros,1 - CGI SOFTWARE - FILIAL CARTAO DE CREDITO,BURLAMAQUE COM. DE MOTOS LT. (107),REQUISICAO - 113,KM RODADO,.,.
FIN001,Faturamento,1,Faturamento,R$,Diário,2020-09-01,1,9,2020,2020-09-01,2020-09-01,2020-09-01,57500.0,.,.,6740/REQ,8. 1. 6 -> Mecanica - Terceiros,1 - CGI SOFTWARE - FILIAL CARTAO DE CREDITO,BURLAMAQUE COM. DE MOTOS LT. (107),REQUISICAO - 113,KM RODADO,.,.
FIN001,Faturamento,1,Faturamento,R$,Diário,2020-09-01,1,9,2020,2020-09-01,2020-09-01,2020-09-01,57500.0,.,.,6741/REQ,8. 1. 6 -> Mecanica - Terceiros,1 - CGI SOFTWARE - FILIAL CARTAO DE CREDITO,BURLAMAQUE COM. DE MOTOS LT. (107),REQUISICAO - 113,KM RODADO,.,.
FIN001,Faturamento,1,Faturamento,R$,Diário,2020-09-02,2,9,2020,2020-09-02,2020-09-01,2020-09-01,10.6,.,.,6743/REQ,10. 5. 2 -> Acessorios - Paralelos,1 - CGI SOFTWARE - FILIAL CARTAO DE CREDITO,1059 - BIG GRAVATAÍ (36),REQUISICAO - 113,Mecânico 2,.,.
FIN001,Faturamento,1,Faturamento,R$,Diário,2020-09-02,2,9,2020,2020-09-02,2020-09-01,2020-09-01,20.0,.,.,6744/REQ,12. 1. 1 -> Oleo e Derivados,1 - CGI SOFTWARE - FILIAL CARTAO DE CREDITO,LEONIDIO CATARINA - M (114),REQUISICAO - 113,OLEO AC DELCO 15W40 CG-4 - MOTOR DIESEL,.,.
FIN001,Faturamento,1,Faturamento,R$,Diário,2020-09-02,2,9,2020,2020-09-02,2020-09-01,2020-09-01,11500.0,.,.,6745/REQ,8. 1. 6 -> Mecanica - Terceiros,1 - CGI SOFTWARE - FILIAL CARTAO DE CREDITO,BURLAMAQUE COM. DE MOTOS LT. (107),REQUISICAO - 113,KM RODADO,.,.
FIN001,Faturamento,1,Faturamento,R$,Diário,2020-09-02,2,9,2020,2020-09-02,2020-09-01,2020-09-01,20.0,.,.,6746/REQ,12. 1. 1 -> Oleo e Derivados,1 - CGI SOFTWARE - FILIAL CARTAO DE CREDITO,LEONIDIO CATARINA - M (114),REQUISICAO - 113,OLEO AC DELCO 15W40 CG-4 - MOTOR DIESEL,.,.
FIN001,Faturamento,1,Faturamento,R$,Diário,2020-09-02,2,9,2020,2020-09-02,2020-09-01,2020-09-01,80.0,.,.,6747/REQ,12. 1. 1 -> Oleo e Derivados,1 - CGI SOFTWARE - FILIAL CARTAO DE CREDITO,LEONIDIO CATARINA - M (114),REQUISICAO - 113,OLEO AC DELCO 15W40 CG-4 - MOTOR DIESEL,.,.
FIN001,Faturamento,1,Faturamento,R$,Diário,2020-09-02,2,9,2020,2020-09-02,2020-09-01,2020-09-01,57500.0,.,.,6748/REQ,8. 1. 6 -> Mecanica - Terceiros,1 - CGI SOFTWARE - FILIAL CARTAO DE CREDITO,BURLAMAQUE COM. DE MOTOS LT. (107),REQUISICAO - 113,KM RODADO,.,.
FIN001,Faturamento,1,Faturamento,R$,Diário,2020-09-02,2,9,2020,2020-09-02,2020-09-01,2020-09-01,60.0,.,.,6749/REQ,10. 5. 2 -> Acessorios - Paralelos,1 - CGI SOFTWARE - FILIAL CARTAO DE CREDITO,1059 - BIG GRAVATAÍ (36),REQUISICAO - 113,Mecânico 2,.,.
FIN001,Faturamento,1,Faturamento,R$,Diário,2020-09-02,2,9,2020,2020-09-02,2020-09-01,2020-09-01,1.06,.,.,6750/REQ,10. 5. 2 -> Acessorios - Paralelos,1 - CGI SOFTWARE - FILIAL CARTAO DE CREDITO,1059 - BIG GRAVATAÍ (36),REQUISICAO - 113,Mecânico 2,.,.
FIN001,Faturamento,1,Faturamento,R$,Diário,2020-09-16,16,9,2020,2020-09-16,2020-09-01,2020-09-01,-20.0,.,5 JUAREZ CELSO G. DE MIRANDA,74/DVREQ,12. 1. 1 -> Oleo e Derivados,1 - CGI SOFTWARE - FILIAL CARTAO DE CREDITO,LEONIDIO CATARINA - M (114),Devolução de requisição - 74,OLEO AC DELCO 15W40 CG-4 - MOTOR DIESEL,.,.
FIN001,Faturamento,1,Faturamento,R$,Diário,2020-09-16,16,9,2020,2020-09-16,2020-09-01,2020-09-01,-50.0,.,MAURICIO,73/DVREQ,12. 1. 1 -> Oleo e Derivados,1 - CGI SOFTWARE - FILIAL CARTAO DE CREDITO,LEONIDIO CATARINA - M (114),Devolução de requisição - 74,OLEO AC DELCO 15W40 CG-4 - MOTOR DIESEL,.,.
FIN001,Faturamento,1,Faturamento,R$,Diário,2020-09-23,23,9,2020,2020-09-23,2020-09-01,2020-09-01,7.0,Marau,VENDEDOR DA STARA,3537/NFe,1. 1. 1 -> Automoveis Novos,1 - CGI SOFTWARE - FILIAL CARTAO DE CREDITO,LEONIDIO CATARINA - M (114),VENDAS OFICINA - 61,MAO DE OBRA EM CORTESIA,PASSO FUNDO,RS
FIN001,Faturamento,1,Faturamento,R$,Diário,2020-10-08,8,10,2020,2020-10-08,2020-10-01,2020-10-01,1000.0,Marau,7 CLAUDEMIR GARBINATO,1002052/M1,1. 1. 1 -> Automoveis Novos,1 - CGI SOFTWARE - FILIAL CARTAO DE CREDITO,LEONIDIO CATARINA - M (114),SAIDA EXTRA - (nao integra nada) - 69,MAO DE OBRA EM CORTESIA,.,RS
FIN001,Faturamento,1,Faturamento,R$,Diário,2020-10-15,15,10,2020,2020-10-15,2020-10-01,2020-10-01,170.0,.,MAURICIO,6751/REQ,0.64.28 -> 0.64.28,1 - CGI SOFTWARE - FILIAL CARTAO DE CREDITO,Mauricio Brocco 1 (1),REQUISICAO - 113,VIGA CHASSIS CONT. ROLL-ON EST. 6500,.,.
FIN001,Faturamento,1,Faturamento,R$,Diário,2020-10-15,15,10,2020,2020-10-15,2020-10-01,2020-10-01,170.0,.,MAURICIO,6752/REQ,0.64.28 -> 0.64.28,1 - CGI SOFTWARE - FILIAL CARTAO DE CREDITO,Mauricio Brocco 1 (1),REQUISICAO - 113,VIGA CHASSIS CONT. ROLL-ON EST. 6500,.,.
FIN001,Faturamento,1,Faturamento,R$,Diário,2020-10-23,23,10,2020,2020-10-23,2020-10-01,2020-10-01,1000.0,Marau,1 CLAUDIO 15/07,968/nfe1,0.64.28 -> 0.64.28,1 - CGI SOFTWARE - FILIAL CARTAO DE CREDITO,Mauricio Brocco 1 (1),VENDAS BALCAO - NF. - 6,VIGA CHASSIS CONT. ROLL-ON EST. 6500,.,RS
FIN001,Faturamento,1,Faturamento,R$,Diário,2020-11-30,30,11,2020,2020-11-30,2020-11-01,2020-11-01,70.0,JOINVILLE,VENDEDOR DA STARA,500/NFSe,1. 1. 1 -> Automoveis Novos,1 - CGI SOFTWARE - FILIAL CARTAO DE CREDITO,LEONIDIO CATARINA - M (114),VENDAS OFICINA - 61,MAO DE OBRA EM CORTESIA,PASSO FUNDO,SC
FIN001,Faturamento,1,Faturamento,R$,Diário,2020-12-07,7,12,2020,2020-12-07,2020-12-01,2020-12-01,70.0,JOINVILLE,VENDEDOR DA STARA,3538/NFe,1. 1. 1 -> Automoveis Novos,1 - CGI SOFTWARE - FILIAL CARTAO DE CREDITO,LEONIDIO CATARINA - M (114),VENDAS OFICINA - 61,MAO DE OBRA EM CORTESIA,PASSO FUNDO,SC
FIN001,Faturamento,1,Faturamento,R$,Diário,2020-12-11,11,12,2020,2020-12-11,2020-12-01,2020-12-01,7053.0,900 JARAGUA DO SUL,2 VENDEDOR 15/07,3539/NFe,8. 1. 4 -> Revisao - Vendas Outros GM,1 - CGI SOFTWARE - FILIAL CARTAO DE CREDITO,1059 - BIG GRAVATAÍ (36),VENDAS OFICINA - 61,MAO DE OBRA REVISAO,TAPEJARA,RS
FIN001,Faturamento,1,Faturamento,R$,Diário,2020-12-22,22,12,2020,2020-12-22,2020-12-01,2020-12-01,70.0,JOINVILLE,VENDEDOR DA STARA,3540/NFe,1. 1. 1 -> Automoveis Novos,1 - CGI SOFTWARE - FILIAL CARTAO DE CREDITO,LEONIDIO CATARINA - M (114),VENDAS OFICINA - 61,MAO DE OBRA EM CORTESIA,PASSO FUNDO,SC
FIN001,Faturamento,1,Faturamento,R$,Diário,2020-12-22,22,12,2020,2020-12-22,2020-12-01,2020-12-01,100.0,JOINVILLE,VENDEDOR DA STARA,3541/NFe,1. 1. 1 -> Automoveis Novos,1 - CGI SOFTWARE - FILIAL CARTAO DE CREDITO,LEONIDIO CATARINA - M (114),VENDAS OFICINA - 61,MAO DE OBRA EM CORTESIA,PASSO FUNDO,SC
FIN001,Faturamento,1,Faturamento,R$,Diário,2021-01-12,12,1,2021,2021-01-12,2021-01-01,2021-01-01,100.0,JOINVILLE,1 CLAUDIO 15/07,970/nfe1,1. 1. 1 -> Automoveis Novos,1 - CGI SOFTWARE - FILIAL CARTAO DE CREDITO,Mauricio Brocco 1 (1),VENDAS BALCAO - NF. - 6,"""ADAP M 3/4"""" NPTXF 1/2""""NPT D15 """,.,SC
FIN001,Faturamento,1,Faturamento,R$,Diário,2021-01-12,12,1,2021,2021-01-12,2021-01-01,2021-01-01,0.0,JOINVILLE,1 CLAUDIO 15/07,971/nfe1,1. 1. 1 -> Automoveis Novos,1 - CGI SOFTWARE - FILIAL CARTAO DE CREDITO,Mauricio Brocco 1 (1),VENDAS BALCAO - NF. - 6,"""ADAP M 3/4"""" NPTXF 1/2""""NPT D15 """,.,SC
FIN001,Faturamento,1,Faturamento,R$,Diário,2021-01-12,12,1,2021,2021-01-12,2021-01-01,2021-01-01,12.09,JOINVILLE,1 CLAUDIO 15/07,971/nfe1,12. 1. 1 -> Oleo e Derivados,1 - CGI SOFTWARE - FILIAL CARTAO DE CREDITO,1059 - BIG GRAVATAÍ (36),VENDAS BALCAO - NF. - 6,ADITIVO RADIADOR,.,SC
FIN001,Faturamento,1,Faturamento,R$,Diário,2021-01-13,13,1,2021,2021-01-13,2021-01-01,2021-01-01,0.0,JOINVILLE,1 CLAUDIO 15/07,975/nfe1,12. 1. 1 -> Oleo e Derivados,1 - CGI SOFTWARE - FILIAL CARTAO DE CREDITO,1059 - BIG GRAVATAÍ (36),Devolucao Vendas Pecas - 71,ADITIVO RADIADOR,.,SC
FIN001,Faturamento,1,Faturamento,R$,Diário,2021-01-14,14,1,2021,2021-01-14,2021-01-01,2021-01-01,12.09,JOINVILLE,1 CLAUDIO 15/07,976/nfe1,12. 1. 1 -> Oleo e Derivados,1 - CGI SOFTWARE - FILIAL CARTAO DE CREDITO,1059 - BIG GRAVATAÍ (36),VENDAS BALCAO - NF. - 6,ADITIVO RADIADOR,.,SC
FIN001,Faturamento,1,Faturamento,R$,Diário,2021-01-15,15,1,2021,2021-01-15,2021-01-01,2021-01-01,12.09,JOINVILLE,1 CLAUDIO 15/07,977/nfe1,12. 1. 1 -> Oleo e Derivados,1 - CGI SOFTWARE - FILIAL CARTAO DE CREDITO,1059 - BIG GRAVATAÍ (36),VENDAS BALCAO - NF. - 6,ADITIVO RADIADOR,.,SC
FIN001,Faturamento,1,Faturamento,R$,Diário,2021-01-18,18,1,2021,2021-01-18,2021-01-01,2021-01-01,150.0,.,.,6753/REQ,0.64.28 -> 0.64.28,1 - CGI SOFTWARE - FILIAL CARTAO DE CREDITO,Mauricio Brocco 1 (1),REQUISICAO - 113,VIGA CHASSIS CONT. ROLL-ON EST. 6500,.,.
FIN001,Faturamento,1,Faturamento,R$,Diário,2021-01-18,18,1,2021,2021-01-18,2021-01-01,2021-01-01,20.0,.,.,6753/REQ,12. 1. 1 -> Oleo e Derivados,1 - CGI SOFTWARE - FILIAL CARTAO DE CREDITO,LEONIDIO CATARINA - M (114),REQUISICAO - 113,OLEO AC DELCO 15W40 CG-4 - MOTOR DIESEL,.,.
FIN001,Faturamento,1,Faturamento,R$,Diário,2021-01-18,18,1,2021,2021-01-18,2021-01-01,2021-01-01,150.0,.,.,6754/REQ,0.64.28 -> 0.64.28,1 - CGI SOFTWARE - FILIAL CARTAO DE CREDITO,Mauricio Brocco 1 (1),REQUISICAO - 113,VIGA CHASSIS CONT. ROLL-ON EST. 6500,.,.
FIN001,Faturamento,1,Faturamento,R$,Diário,2021-01-18,18,1,2021,2021-01-18,2021-01-01,2021-01-01,150.0,.,.,6755/REQ,0.64.28 -> 0.64.28,1 - CGI SOFTWARE - FILIAL CARTAO DE CREDITO,Mauricio Brocco 1 (1),REQUISICAO - 113,VIGA CHASSIS CONT. ROLL-ON EST. 6500,.,.
FIN001,Faturamento,1,Faturamento,R$,Diário,2021-01-18,18,1,2021,2021-01-18,2021-01-01,2021-01-01,20.0,.,.,6755/REQ,12. 1. 1 -> Oleo e Derivados,1 - CGI SOFTWARE - FILIAL CARTAO DE CREDITO,LEONIDIO CATARINA - M (114),REQUISICAO - 113,OLEO AC DELCO 15W40 CG-4 - MOTOR DIESEL,.,.
FIN001,Faturamento,1,Faturamento,R$,Diário,2021-02-23,23,2,2021,2021-02-23,2021-02-01,2021-02-01,4.67,.,.,6756/REQ,1. 1. 1 -> Automoveis Novos,1 - CGI SOFTWARE - FILIAL CARTAO DE CREDITO,Mauricio Brocco 1 (1),REQUISICAO - 113,1234567,.,.
FIN001,Faturamento,1,Faturamento,R$,Diário,2021-02-23,23,2,2021,2021-02-23,2021-02-01,2021-02-01,300.0,.,.,6756/REQ,8. 1. 6 -> Mecanica - Terceiros,1 - CGI SOFTWARE - FILIAL CARTAO DE CREDITO,BURLAMAQUE COM. DE MOTOS LT. (107),REQUISICAO - 113,KM RODADO,.,.
FIN001,Faturamento,1,Faturamento,R$,Diário,2021-02-23,23,2,2021,2021-02-23,2021-02-01,2021-02-01,0.9,.,.,6756/REQ,9. 1. 7 -> Eixo Traseiro,1 - CGI SOFTWARE - FILIAL CARTAO DE CREDITO,1059 - BIG GRAVATAÍ (36),REQUISICAO - 113,VEDADOR              *,.,.
FIN001,Faturamento,1,Faturamento,R$,Diário,2021-02-23,23,2,2021,2021-02-23,2021-02-01,2021-02-01,176.06,CHAPECÓ,VENDEDOR DA STARA,3542/NFe,1. 1. 1 -> Automoveis Novos,1 - CGI SOFTWARE - FILIAL CARTAO DE CREDITO,Mauricio Brocco 1 (1),VENDAS OFICINA - 61,04423 CALCULADORA,PASSO FUNDO,SC
FIN001,Faturamento,1,Faturamento,R$,Diário,2021-02-23,23,2,2021,2021-02-23,2021-02-01,2021-02-01,314.4,JOINVILLE,1 CLAUDIO 15/07,980/nfe1,0.64.28 -> 0.64.28,1 - CGI SOFTWARE - FILIAL CARTAO DE CREDITO,Mauricio Brocco 1 (1),VENDAS BALCAO - NF. - 6,VIGA CHASSIS CONT. ROLL-ON EST. 6500,.,SC
FIN001,Faturamento,1,Faturamento,R$,Diário,2021-02-23,23,2,2021,2021-02-23,2021-02-01,2021-02-01,300.0,PASSO FUNDO,1 CLAUDIO 15/07,978/nfe1,0.64.28 -> 0.64.28,1 - CGI SOFTWARE - FILIAL CARTAO DE CREDITO,Mauricio Brocco 1 (1),VENDAS BALCAO - NF. - 6,VIGA CHASSIS CONT. ROLL-ON EST. 6500,.,RS
FIN001,Faturamento,1,Faturamento,R$,Diário,2021-02-23,23,2,2021,2021-02-23,2021-02-01,2021-02-01,442.72,PASSO FUNDO,1 CLAUDIO 15/07,979/nfe1,9. 1.12 -> Sistema Eletrico,1 - CGI SOFTWARE - FILIAL CARTAO DE CREDITO,1059 - BIG GRAVATAÍ (36),VENDAS BALCAO - NF. - 6,BOTAO,.,RS
FIN001,Faturamento,1,Faturamento,R$,Diário,2021-02-23,23,2,2021,2021-02-23,2021-02-01,2021-02-01,17.26,PASSO FUNDO,FABIO,23022021/M1,1. 1. 1 -> Automoveis Novos,1 - CGI SOFTWARE - FILIAL CARTAO DE CREDITO,Mauricio Brocco 1 (1),Venda Agilizada - 60,"""BR CH (1/4X1"""")SAE-1020        """,.,RS
FIN001,Faturamento,1,Faturamento,R$,Diário,2021-04-26,26,4,2021,2021-04-26,2021-04-01,2021-04-01,50.0,.,MAURICIO,6757/REQ,1. 1. 1 -> Automoveis Novos,1 - CGI SOFTWARE - FILIAL CARTAO DE CREDITO,...tested (348),REQUISICAO - 113,"""ADAP 3/4"""" BSPPX1.1/16""""UNF D17 "".",.,.
FIN001,Faturamento,1,Faturamento,R$,Diário,2021-04-26,26,4,2021,2021-04-26,2021-04-01,2021-04-01,50.0,.,MAURICIO,6757/REQ,12. 1. 1 -> Oleo e Derivados,1 - CGI SOFTWARE - FILIAL CARTAO DE CREDITO,LEONIDIO CATARINA - M (114),REQUISICAO - 113,OLEO AC DELCO 15W40 CG-4 - MOTOR DIESEL,.,.
FIN001,Faturamento,1,Faturamento,R$,Diário,2021-04-26,26,4,2021,2021-04-26,2021-04-01,2021-04-01,50.0,.,MAURICIO,6758/REQ,12. 1. 1 -> Oleo e Derivados,1 - CGI SOFTWARE - FILIAL CARTAO DE CREDITO,LEONIDIO CATARINA - M (114),REQUISICAO - 113,OLEO AC DELCO 15W40 CG-4 - MOTOR DIESEL,.,.
FIN001,Faturamento,1,Faturamento,R$,Diário,2021-04-27,27,4,2021,2021-04-27,2021-04-01,2021-04-01,500.0,.,MAURICIO,6759/REQ,12. 1. 1 -> Oleo e Derivados,1 - CGI SOFTWARE - FILIAL CARTAO DE CREDITO,LEONIDIO CATARINA - M (114),REQUISICAO - 113,OLEO AC DELCO 15W40 CG-4 - MOTOR DIESEL,.,.
FIN001,Faturamento,1,Faturamento,R$,Diário,2021-04-27,27,4,2021,2021-04-27,2021-04-01,2021-04-01,-200.0,.,MAURICIO,75/DVREQ,12. 1. 1 -> Oleo e Derivados,1 - CGI SOFTWARE - FILIAL CARTAO DE CREDITO,LEONIDIO CATARINA - M (114),Devolução de requisição - 74,OLEO AC DELCO 15W40 CG-4 - MOTOR DIESEL,.,.
FIN001,Faturamento,1,Faturamento,R$,Diário,2021-04-27,27,4,2021,2021-04-27,2021-04-01,2021-04-01,-50.0,.,MAURICIO,76/DVREQ,12. 1. 1 -> Oleo e Derivados,1 - CGI SOFTWARE - FILIAL CARTAO DE CREDITO,LEONIDIO CATARINA - M (114),Devolução de requisição - 74,OLEO AC DELCO 15W40 CG-4 - MOTOR DIESEL,.,.
FIN001,Faturamento,1,Faturamento,R$,Diário,2021-04-28,28,4,2021,2021-04-28,2021-04-01,2021-04-01,50.0,.,MAURICIO,6760/REQ,8. 1. 3 -> Lavagem,1 - CGI SOFTWARE - FILIAL CARTAO DE CREDITO,1059 - BIG GRAVATAÍ (36),REQUISICAO - 113,MAO DE OBRA LAVAGEM,.,.
FIN001,Faturamento,1,Faturamento,R$,Diário,2021-06-10,10,6,2021,2021-06-10,2021-06-01,2021-06-01,95.9,AGUA BOA,1 CLAUDIO 15/07,982/nfe1,9. 1.12 -> Sistema Eletrico,1 - CGI SOFTWARE - FILIAL CARTAO DE CREDITO,Mauricio Brocco 1 (1),VENDAS BALCAO - NF. - 6,"""ADAP F 1/2"""" NPTXM 3/8""""NPT D10 """,.,RS
FIN001,Faturamento,1,Faturamento,R$,Diário,2021-06-15,15,6,2021,2021-06-15,2021-06-01,2021-06-01,150.0,.,.,6761/REQ,0.64.28 -> 0.64.28,1 - CGI SOFTWARE - FILIAL CARTAO DE CREDITO,Mauricio Brocco 1 (1),REQUISICAO - 113,VIGA CHASSIS CONT. ROLL-ON EST. 6500,.,.
FIN001,Faturamento,1,Faturamento,R$,Diário,2021-06-15,15,6,2021,2021-06-15,2021-06-01,2021-06-01,20.0,.,.,6761/REQ,12. 1. 1 -> Oleo e Derivados,1 - CGI SOFTWARE - FILIAL CARTAO DE CREDITO,LEONIDIO CATARINA - M (114),REQUISICAO - 113,OLEO AC DELCO 15W40 CG-4 - MOTOR DIESEL,.,.
FIN001,Faturamento,1,Faturamento,R$,Diário,2021-06-22,22,6,2021,2021-06-22,2021-06-01,2021-06-01,20.0,Marau,Vendedor 10,1001449/,12. 1. 1 -> Oleo e Derivados,1 - CGI SOFTWARE - FILIAL CARTAO DE CREDITO,LEONIDIO CATARINA - M (114),Saídas trânsito - 30,OLEO AC DELCO 15W40 CG-4 - MOTOR DIESEL,PASSO FUNDO,RS
FIN001,Faturamento,1,Faturamento,R$,Diário,2021-06-22,22,6,2021,2021-06-22,2021-06-01,2021-06-01,20.0,Marau,Vendedor 10,1001450/,12. 1. 1 -> Oleo e Derivados,1 - CGI SOFTWARE - FILIAL CARTAO DE CREDITO,LEONIDIO CATARINA - M (114),Saídas trânsito - 30,OLEO AC DELCO 15W40 CG-4 - MOTOR DIESEL,PASSO FUNDO,RS
FIN001,Faturamento,1,Faturamento,R$,Diário,2021-06-22,22,6,2021,2021-06-22,2021-06-01,2021-06-01,20.0,Marau,Vendedor 10,1001451/,12. 1. 1 -> Oleo e Derivados,1 - CGI SOFTWARE - FILIAL CARTAO DE CREDITO,LEONIDIO CATARINA - M (114),Saídas trânsito - 30,OLEO AC DELCO 15W40 CG-4 - MOTOR DIESEL,PASSO FUNDO,RS
FIN001,Faturamento,1,Faturamento,R$,Diário,2021-06-23,23,6,2021,2021-06-23,2021-06-01,2021-06-01,150.0,AGUA BOA,1 CLAUDIO 15/07,983/nfe1,0.64.28 -> 0.64.28,1 - CGI SOFTWARE - FILIAL CARTAO DE CREDITO,Mauricio Brocco 1 (1),VENDAS VEICULOS - 7,VIGA CHASSIS CONT. ROLL-ON EST. 6500,.,MT
FIN001,Faturamento,1,Faturamento,R$,Diário,2021-06-23,23,6,2021,2021-06-23,2021-06-01,2021-06-01,150.0,AGUA BOA,1 CLAUDIO 15/07,984/nfe1,0.64.28 -> 0.64.28,1 - CGI SOFTWARE - FILIAL CARTAO DE CREDITO,Mauricio Brocco 1 (1),VENDAS VEICULOS - 7,VIGA CHASSIS CONT. ROLL-ON EST. 6500,.,MT
FIN001,Faturamento,1,Faturamento,R$,Diário,2021-06-23,23,6,2021,2021-06-23,2021-06-01,2021-06-01,150.0,AGUA BOA,1 CLAUDIO 15/07,985/nfe1,0.64.28 -> 0.64.28,1 - CGI SOFTWARE - FILIAL CARTAO DE CREDITO,Mauricio Brocco 1 (1),VENDAS BALCAO - NF. - 6,VIGA CHASSIS CONT. ROLL-ON EST. 6500,.,MT
FIN001,Faturamento,1,Faturamento,R$,Diário,2021-07-19,19,7,2021,2021-07-19,2021-07-01,2021-07-01,20.0,.,.,6762/REQ,12. 1. 1 -> Oleo e Derivados,1 - CGI SOFTWARE - FILIAL CARTAO DE CREDITO,LEONIDIO CATARINA - M (114),REQUISICAO - 113,OLEO AC DELCO 15W40 CG-4 - MOTOR DIESEL,.,.
FIN001,Faturamento,1,Faturamento,R$,Diário,2021-07-20,20,7,2021,2021-07-20,2021-07-01,2021-07-01,20.0,.,.,6763/REQ,12. 1. 1 -> Oleo e Derivados,1 - CGI SOFTWARE - FILIAL CARTAO DE CREDITO,LEONIDIO CATARINA - M (114),REQUISICAO - 113,OLEO AC DELCO 15W40 CG-4 - MOTOR DIESEL,.,.
FIN001,Faturamento,1,Faturamento,R$,Diário,2021-07-23,23,7,2021,2021-07-23,2021-07-01,2021-07-01,500.0,.,1 CLAUDIO 15/07,987/nfe1,1. 1. 1 -> Automoveis Novos,1 - CGI SOFTWARE - FILIAL CARTAO DE CREDITO,Mauricio Brocco 1 (1),Venda preço fixo - 8074,Soja GII,.,RS
FIN001,Faturamento,1,Faturamento,R$,Diário,2021-07-26,26,7,2021,2021-07-26,2021-07-01,2021-07-01,150.0,.,.,6764/REQ,0.64.28 -> 0.64.28,1 - CGI SOFTWARE - FILIAL CARTAO DE CREDITO,Mauricio Brocco 1 (1),REQUISICAO - 113,VIGA CHASSIS CONT. ROLL-ON EST. 6500,.,.
FIN001,Faturamento,1,Faturamento,R$,Diário,2021-07-26,26,7,2021,2021-07-26,2021-07-01,2021-07-01,20.0,.,.,6764/REQ,12. 1. 1 -> Oleo e Derivados,1 - CGI SOFTWARE - FILIAL CARTAO DE CREDITO,LEONIDIO CATARINA - M (114),REQUISICAO - 113,OLEO AC DELCO 15W40 CG-4 - MOTOR DIESEL,.,.
FIN001,Faturamento,1,Faturamento,R$,Diário,2021-08-11,11,8,2021,2021-08-11,2021-08-01,2021-08-01,661.68,AGUA BOA,1 CLAUDIO 15/07,183/DSV,0. 0. 0 -> 0. 0. 0,1 - CGI SOFTWARE - FILIAL CARTAO DE CREDITO,Mauricio Brocco 1 (1),PRESTACAO DE SERVICO DE PORTAR - 2000,MATE LEAO PESSEGO,PASSO FUNDO,MT
FIN001,Faturamento,1,Faturamento,R$,Diário,2021-08-11,11,8,2021,2021-08-11,2021-08-01,2021-08-01,1094.5,AGUA BOA,1 CLAUDIO 15/07,184/DSV,0. 0. 0 -> 0. 0. 0,1 - CGI SOFTWARE - FILIAL CARTAO DE CREDITO,Mauricio Brocco 1 (1),PRESTACAO DE SERVICO DE PORTAR - 2000,MATE LEAO PESSEGO,PASSO FUNDO,MT
FIN001,Faturamento,1,Faturamento,R$,Diário,2021-09-02,2,9,2021,2021-09-02,2021-09-01,2021-09-01,0.7,AGUA BOA,VENDEDOR DA STARA,3544/NFe,9. 6. 1 -> Peças Paralelas,1 - CGI SOFTWARE - FILIAL CARTAO DE CREDITO,1059 - BIG GRAVATAÍ (36),VENDAS OFICINA - 61,MAO DE OBRA DA GM,PASSO FUNDO,MT
FIN001,Faturamento,1,Faturamento,R$,Diário,2021-09-03,3,9,2021,2021-09-03,2021-09-01,2021-09-01,0.0,.,.,3/AJVEF,1. 1. 2 -> Automoveis Usados,1 - CGI SOFTWARE - FILIAL CARTAO DE CREDITO,GENERAL MOTORS DO BRASIL LTDA - VEICULOS (37),Devolução Venda futura - 919,ASTRA MILENIUM,.,.
FIN001,Faturamento,1,Faturamento,R$,Diário,2021-09-24,24,9,2021,2021-09-24,2021-09-01,2021-09-01,20.35,GUARAPUAVA,VENDEDOR DA STARA,3545/NFe,1. 3. 2 -> Fretes Não Agrupa ICMS,1 - CGI SOFTWARE - FILIAL CARTAO DE CREDITO,1059 - BIG GRAVATAÍ (36),VENDAS OFICINA - 61,MAO DE OBRA GARANTIA,MARAU,PR
FIN001,Faturamento,1,Faturamento,R$,Diário,2021-09-27,27,9,2021,2021-09-27,2021-09-01,2021-09-01,20.35,GUARAPUAVA,VENDEDOR DA STARA,3546/NFe,1. 3. 2 -> Fretes Não Agrupa ICMS,1 - CGI SOFTWARE - FILIAL CARTAO DE CREDITO,1059 - BIG GRAVATAÍ (36),VENDAS OFICINA - 61,MAO DE OBRA GARANTIA,MARAU,PR
FIN001,Faturamento,1,Faturamento,R$,Diário,2021-10-07,7,10,2021,2021-10-07,2021-10-01,2021-10-01,19.84,Marau,VENDEDOR DA STARA,3547/NFe,1. 3. 2 -> Fretes Não Agrupa ICMS,1 - CGI SOFTWARE - FILIAL CARTAO DE CREDITO,1059 - BIG GRAVATAÍ (36),VENDAS OFICINA - 61,MAO DE OBRA GARANTIA,MARAU,RS
FIN001,Faturamento,1,Faturamento,R$,Diário,2021-10-07,7,10,2021,2021-10-07,2021-10-01,2021-10-01,19.84,Marau,VENDEDOR DA STARA,3548/NFe,1. 3. 2 -> Fretes Não Agrupa ICMS,1 - CGI SOFTWARE - FILIAL CARTAO DE CREDITO,1059 - BIG GRAVATAÍ (36),VENDAS OFICINA - 61,MAO DE OBRA GARANTIA,MARAU,RS
FIN001,Faturamento,1,Faturamento,R$,Diário,2021-10-08,8,10,2021,2021-10-08,2021-10-01,2021-10-01,19.94,JOINVILLE,VENDEDOR DA STARA,3549/NFe,1. 3. 2 -> Fretes Não Agrupa ICMS,1 - CGI SOFTWARE - FILIAL CARTAO DE CREDITO,1059 - BIG GRAVATAÍ (36),VENDAS OFICINA - 61,MAO DE OBRA GARANTIA,MARAU,SC
FIN001,Faturamento,1,Faturamento,R$,Diário,2021-10-22,22,10,2021,2021-10-22,2021-10-01,2021-10-01,20.35,JOINVILLE,VENDEDOR DA STARA,3550/NFe,1. 3. 2 -> Fretes Não Agrupa ICMS,1 - CGI SOFTWARE - FILIAL CARTAO DE CREDITO,1059 - BIG GRAVATAÍ (36),VENDAS OFICINA - 61,MAO DE OBRA GARANTIA,MARAU,SC
FIN001,Faturamento,1,Faturamento,R$,Diário,2021-11-09,9,11,2021,2021-11-09,2021-11-01,2021-11-01,50.0,JOINVILLE,1 CLAUDIO 15/07,990/nfe1,12. 1. 1 -> Oleo e Derivados,1 - CGI SOFTWARE - FILIAL CARTAO DE CREDITO,LEONIDIO CATARINA - M (114),VENDAS BALCAO - NF. - 6,OLEO AC DELCO 15W40 CG-4 - MOTOR DIESEL,.,SC
FIN001,Faturamento,1,Faturamento,R$,Diário,2021-11-09,9,11,2021,2021-11-09,2021-11-01,2021-11-01,157.2,JOINVILLE,1 CLAUDIO 15/07,991/nfe1,0.64.28 -> 0.64.28,1 - CGI SOFTWARE - FILIAL CARTAO DE CREDITO,Mauricio Brocco 1 (1),VENDAS BALCAO - NF. - 6,VIGA CHASSIS CONT. ROLL-ON EST. 6500,.,SC
FIN001,Faturamento,1,Faturamento,R$,Diário,2021-11-09,9,11,2021,2021-11-09,2021-11-01,2021-11-01,50.0,JOINVILLE,1 CLAUDIO 15/07,991/nfe1,12. 1. 1 -> Oleo e Derivados,1 - CGI SOFTWARE - FILIAL CARTAO DE CREDITO,LEONIDIO CATARINA - M (114),VENDAS BALCAO - NF. - 6,OLEO AC DELCO 15W40 CG-4 - MOTOR DIESEL,.,SC
FIN001,Faturamento,1,Faturamento,R$,Diário,2021-11-09,9,11,2021,2021-11-09,2021-11-01,2021-11-01,50.0,JOINVILLE,1 CLAUDIO 15/07,992/nfe1,12. 1. 1 -> Oleo e Derivados,1 - CGI SOFTWARE - FILIAL CARTAO DE CREDITO,LEONIDIO CATARINA - M (114),VENDAS BALCAO - NF. - 6,OLEO AC DELCO 15W40 CG-4 - MOTOR DIESEL,.,SC
FIN001,Faturamento,1,Faturamento,R$,Diário,2021-11-09,9,11,2021,2021-11-09,2021-11-01,2021-11-01,178.16,JOINVILLE,1 CLAUDIO 15/07,993/nfe1,0.64.28 -> 0.64.28,1 - CGI SOFTWARE - FILIAL CARTAO DE CREDITO,Mauricio Brocco 1 (1),VENDAS BALCAO - NF. - 6,VIGA CHASSIS CONT. ROLL-ON EST. 6500,.,SC
FIN001,Faturamento,1,Faturamento,R$,Diário,2021-11-09,9,11,2021,2021-11-09,2021-11-01,2021-11-01,50.0,JOINVILLE,1 CLAUDIO 15/07,993/nfe1,12. 1. 1 -> Oleo e Derivados,1 - CGI SOFTWARE - FILIAL CARTAO DE CREDITO,LEONIDIO CATARINA - M (114),VENDAS BALCAO - NF. - 6,OLEO AC DELCO 15W40 CG-4 - MOTOR DIESEL,.,SC
FIN001,Faturamento,1,Faturamento,R$,Diário,2021-11-09,9,11,2021,2021-11-09,2021-11-01,2021-11-01,12.09,JOINVILLE,1 CLAUDIO 15/07,994/nfe1,12. 1. 1 -> Oleo e Derivados,1 - CGI SOFTWARE - FILIAL CARTAO DE CREDITO,1059 - BIG GRAVATAÍ (36),VENDAS BALCAO - NF. - 6,ADITIVO RADIADOR,.,SC
FIN001,Faturamento,1,Faturamento,R$,Diário,2021-11-09,9,11,2021,2021-11-09,2021-11-01,2021-11-01,-0.07,Marau,1 CLAUDIO 15/07,995/nfe1,1. 1. 1 -> Automoveis Novos,1 - CGI SOFTWARE - FILIAL CARTAO DE CREDITO,Cliente número 1 (2),Dev. Saída Trânsito 5 - 1100,151077,.,RS
FIN001,Faturamento,1,Faturamento,R$,Diário,2021-11-09,9,11,2021,2021-11-09,2021-11-01,2021-11-01,-100.0,Marau,1 CLAUDIO 15/07,995/nfe1,1. 1. 1 -> Automoveis Novos,1 - CGI SOFTWARE - FILIAL CARTAO DE CREDITO,Mauricio Brocco 1 (1),Dev. Saída Trânsito 5 - 1100,"""ADAP 3/4"""" ØNPTFX1.1/16"""" ØUNF D17 """,.,RS
FIN001,Faturamento,1,Faturamento,R$,Diário,2021-11-09,9,11,2021,2021-11-09,2021-11-01,2021-11-01,0.06,Marau,1 CLAUDIO 15/07,996/nfe1,1. 1. 1 -> Automoveis Novos,1 - CGI SOFTWARE - FILIAL CARTAO DE CREDITO,Cliente número 1 (2),VENDAS BALCAO - NF. - 6,151077,.,RS
FIN001,Faturamento,1,Faturamento,R$,Diário,2021-11-09,9,11,2021,2021-11-09,2021-11-01,2021-11-01,100.0,Marau,1 CLAUDIO 15/07,996/nfe1,1. 1. 1 -> Automoveis Novos,1 - CGI SOFTWARE - FILIAL CARTAO DE CREDITO,Mauricio Brocco 1 (1),VENDAS BALCAO - NF. - 6,"""ADAP 3/4"""" ØNPTFX1.1/16"""" ØUNF D17 """,.,RS
FIN001,Faturamento,1,Faturamento,R$,Diário,2021-11-09,9,11,2021,2021-11-09,2021-11-01,2021-11-01,20.35,Marau,VENDEDOR DA STARA,3553/NFe,1. 3. 2 -> Fretes Não Agrupa ICMS,1 - CGI SOFTWARE - FILIAL CARTAO DE CREDITO,1059 - BIG GRAVATAÍ (36),VENDAS OFICINA - 61,MAO DE OBRA GARANTIA,MARAU,RS
FIN001,Faturamento,1,Faturamento,R$,Diário,2021-12-28,28,12,2021,2021-12-28,2021-12-01,2021-12-01,20.35,Marau,VENDEDOR DA STARA,3555/NFe,1. 3. 2 -> Fretes Não Agrupa ICMS,1 - CGI SOFTWARE - FILIAL CARTAO DE CREDITO,1059 - BIG GRAVATAÍ (36),VENDAS OFICINA - 61,MAO DE OBRA GARANTIA,MARAU,RS
FIN001,Faturamento,1,Faturamento,R$,Diário,2021-12-30,30,12,2021,2021-12-30,2021-12-01,2021-12-01,20.35,JOINVILE,VENDEDOR DA STARA,3557/NFe,1. 3. 2 -> Fretes Não Agrupa ICMS,1 - CGI SOFTWARE - FILIAL CARTAO DE CREDITO,1059 - BIG GRAVATAÍ (36),VENDAS OFICINA - 61,MAO DE OBRA GARANTIA,MARAU,SC
FIN001,Faturamento,1,Faturamento,R$,Diário,2021-12-30,30,12,2021,2021-12-30,2021-12-01,2021-12-01,20.35,JOINVILE,VENDEDOR DA STARA,3559/NFe,1. 3. 2 -> Fretes Não Agrupa ICMS,1 - CGI SOFTWARE - FILIAL CARTAO DE CREDITO,1059 - BIG GRAVATAÍ (36),VENDAS OFICINA - 61,MAO DE OBRA GARANTIA,MARAU,SC
FIN001,Faturamento,1,Faturamento,R$,Diário,2022-01-07,7,1,2022,2022-01-07,2022-01-01,2022-01-01,20.35,JOINVILE,VENDEDOR DA STARA,3560/NFe,1. 3. 2 -> Fretes Não Agrupa ICMS,1 - CGI SOFTWARE - FILIAL CARTAO DE CREDITO,1059 - BIG GRAVATAÍ (36),VENDAS OFICINA - 61,MAO DE OBRA GARANTIA,MARAU,SC
FIN001,Faturamento,1,Faturamento,R$,Diário,2022-01-10,10,1,2022,2022-01-10,2022-01-01,2022-01-01,20.35,JOINVILE,VENDEDOR DA STARA,3561/NFe,1. 3. 2 -> Fretes Não Agrupa ICMS,1 - CGI SOFTWARE - FILIAL CARTAO DE CREDITO,1059 - BIG GRAVATAÍ (36),VENDAS OFICINA - 61,MAO DE OBRA GARANTIA,MARAU,SC
FIN001,Faturamento,1,Faturamento,R$,Diário,2022-01-10,10,1,2022,2022-01-10,2022-01-01,2022-01-01,20.35,JOINVILE,VENDEDOR DA STARA,3562/NFe,1. 3. 2 -> Fretes Não Agrupa ICMS,1 - CGI SOFTWARE - FILIAL CARTAO DE CREDITO,1059 - BIG GRAVATAÍ (36),VENDAS OFICINA - 61,MAO DE OBRA GARANTIA,MARAU,SC
FIN001,Faturamento,1,Faturamento,R$,Diário,2022-01-10,10,1,2022,2022-01-10,2022-01-01,2022-01-01,20.35,JOINVILE,VENDEDOR DA STARA,3563/NFe,1. 3. 2 -> Fretes Não Agrupa ICMS,1 - CGI SOFTWARE - FILIAL CARTAO DE CREDITO,1059 - BIG GRAVATAÍ (36),VENDAS OFICINA - 61,MAO DE OBRA GARANTIA,MARAU,SC
FIN001,Faturamento,1,Faturamento,R$,Diário,2022-01-10,10,1,2022,2022-01-10,2022-01-01,2022-01-01,20.35,JOINVILE,VENDEDOR DA STARA,3564/NFe,1. 3. 2 -> Fretes Não Agrupa ICMS,1 - CGI SOFTWARE - FILIAL CARTAO DE CREDITO,1059 - BIG GRAVATAÍ (36),VENDAS OFICINA - 61,MAO DE OBRA GARANTIA,MARAU,SC
FIN001,Faturamento,1,Faturamento,R$,Diário,2022-01-19,19,1,2022,2022-01-19,2022-01-01,2022-01-01,20.35,JOINVILE,VENDEDOR DA STARA,3565/NFe,1. 3. 2 -> Fretes Não Agrupa ICMS,1 - CGI SOFTWARE - FILIAL CARTAO DE CREDITO,1059 - BIG GRAVATAÍ (36),VENDAS OFICINA - 61,MAO DE OBRA GARANTIA,MARAU,SC
FIN001,Faturamento,1,Faturamento,R$,Diário,2022-01-24,24,1,2022,2022-01-24,2022-01-01,2022-01-01,20.35,JOINVILE,VENDEDOR DA STARA,3566/NFe,1. 3. 2 -> Fretes Não Agrupa ICMS,1 - CGI SOFTWARE - FILIAL CARTAO DE CREDITO,1059 - BIG GRAVATAÍ (36),VENDAS OFICINA - 61,MAO DE OBRA GARANTIA,MARAU,SC
FIN001,Faturamento,1,Faturamento,R$,Diário,2022-02-15,15,2,2022,2022-02-15,2022-02-01,2022-02-01,200.0,XANXERE,1 CLAUDIO 15/07,1035/nfe1,12. 1. 1 -> Oleo e Derivados,1 - CGI SOFTWARE - FILIAL CARTAO DE CREDITO,LEONIDIO CATARINA - M (114),VENDAS BALCAO - NF. - 6,OLEO AC DELCO 15W40 CG-4 - MOTOR DIESEL,.,SC
FIN001,Faturamento,1,Faturamento,R$,Diário,2022-03-18,18,3,2022,2022-03-18,2022-03-01,2022-03-01,20.35,JOINVILE,VENDEDOR DA STARA,3567/NFe,1. 3. 2 -> Fretes Não Agrupa ICMS,1 - CGI SOFTWARE - FILIAL CARTAO DE CREDITO,1059 - BIG GRAVATAÍ (36),VENDAS OFICINA - 61,MAO DE OBRA GARANTIA,MARAU,SC
FIN001,Faturamento,1,Faturamento,R$,Diário,2022-03-18,18,3,2022,2022-03-18,2022-03-01,2022-03-01,6000.0,S. JOSE PINHAIS,FABIO,47/M12,1. 1. 1 -> Automoveis Novos,1 - CGI SOFTWARE - FILIAL CARTAO DE CREDITO,Mauricio Brocco 1 (1),VENDAS BALCAO - NF. - 6,"""ADAP M1/2""""NPTFXM 1/2""""NPTF D12 """,.,PR
FIN001,Faturamento,1,Faturamento,R$,Diário,2022-03-22,22,3,2022,2022-03-22,2022-03-01,2022-03-01,20.35,PALHOCA,VENDEDOR DA STARA,3568/NFe,1. 3. 2 -> Fretes Não Agrupa ICMS,1 - CGI SOFTWARE - FILIAL CARTAO DE CREDITO,1059 - BIG GRAVATAÍ (36),VENDAS OFICINA - 61,MAO DE OBRA GARANTIA,MARAU,SC
FIN001,Faturamento,1,Faturamento,R$,Diário,2022-03-22,22,3,2022,2022-03-22,2022-03-01,2022-03-01,20.35,PALHOCA,VENDEDOR DA STARA,3569/NFe,1. 3. 2 -> Fretes Não Agrupa ICMS,1 - CGI SOFTWARE - FILIAL CARTAO DE CREDITO,1059 - BIG GRAVATAÍ (36),VENDAS OFICINA - 61,MAO DE OBRA GARANTIA,MARAU,SC
FIN001,Faturamento,1,Faturamento,R$,Diário,2022-05-10,10,5,2022,2022-05-10,2022-05-01,2022-05-01,20.35,Capivari do Sul,VENDEDOR DA STARA,3570/NFe,1. 3. 2 -> Fretes Não Agrupa ICMS,1 - CGI SOFTWARE - FILIAL CARTAO DE CREDITO,1059 - BIG GRAVATAÍ (36),VENDAS OFICINA - 61,MAO DE OBRA GARANTIA,MARAU,RS
FIN001,Faturamento,1,Faturamento,R$,Diário,2022-07-14,14,7,2022,2022-07-14,2022-07-01,2022-07-01,19.94,SANTA TEREZA DO OESTE,VENDEDOR DA STARA,3/mvb,1. 3. 2 -> Fretes Não Agrupa ICMS,9 - NFSe Santa Tereza do Oeste,1059 - BIG GRAVATAÍ (36),VENDAS OFICINA - 61,MAO DE OBRA GARANTIA,MARAU,PR
FIN001,Faturamento,1,Faturamento,R$,Diário,2022-07-14,14,7,2022,2022-07-14,2022-07-01,2022-07-01,19.94,SANTA TEREZA DO OESTE,VENDEDOR DA STARA,4/mvb,1. 3. 2 -> Fretes Não Agrupa ICMS,9 - NFSe Santa Tereza do Oeste,1059 - BIG GRAVATAÍ (36),VENDAS OFICINA - 61,MAO DE OBRA GARANTIA,MARAU,PR
FIN001,Faturamento,1,Faturamento,R$,Diário,2023-01-12,12,1,2023,2023-01-12,2023-01-01,2023-01-01,1000.0,SANTA TEREZA DO OESTE,1 CLAUDIO 15/07,1040/nfe1,SEM ESTRUTURA,1 - CGI SOFTWARE - FILIAL CARTAO DE CREDITO,MERCADORIA SEM FORNECEDOR,Saida Extra - 557,SEM MERCADORIA,MARAU,PR
FIN001,Faturamento,1,Faturamento,R$,Diário,2023-01-12,12,1,2023,2023-01-12,2023-01-01,2023-01-01,11177.82,SANTA TEREZA DO OESTE,1 CLAUDIO 15/07,185/DSV,0. 0. 0 -> 0. 0. 0,1 - CGI SOFTWARE - FILIAL CARTAO DE CREDITO,Mauricio Brocco 3123dasdasda (1),PRESTACAO DE SERVICO DE PORTAR - 2000,MATE LEAO PESSEGO,MARAU,PR
FIN001,Faturamento,1,Faturamento,R$,Diário,2023-01-12,12,1,2023,2023-01-12,2023-01-01,2023-01-01,1094.5,SANTA TEREZA DO OESTE,1 CLAUDIO 15/07,186/DSV,0. 0. 0 -> 0. 0. 0,1 - CGI SOFTWARE - FILIAL CARTAO DE CREDITO,Mauricio Brocco 3123dasdasda (1),PRESTACAO DE SERVICO DE PORTAR - 2000,MATE LEAO PESSEGO,MARAU,PR
FIN001,Faturamento,1,Faturamento,R$,Diário,2023-01-12,12,1,2023,2023-01-12,2023-01-01,2023-01-01,1226.36,SANTA TEREZA DO OESTE,1 CLAUDIO 15/07,187/DSV,0. 0. 0 -> 0. 0. 0,1 - CGI SOFTWARE - FILIAL CARTAO DE CREDITO,Mauricio Brocco 3123dasdasda (1),PRESTACAO DE SERVICO DE PORTAR - 2000,MATE LEAO PESSEGO,MARAU,PR
FIN001,Faturamento,1,Faturamento,R$,Diário,2023-01-12,12,1,2023,2023-01-12,2023-01-01,2023-01-01,1224.52,SANTA TEREZA DO OESTE,1 CLAUDIO 15/07,188/DSV,0. 0. 0 -> 0. 0. 0,1 - CGI SOFTWARE - FILIAL CARTAO DE CREDITO,Mauricio Brocco 3123dasdasda (1),PRESTACAO DE SERVICO DE PORTAR - 2000,MATE LEAO PESSEGO,MARAU,PR
FIN001,Faturamento,1,Faturamento,R$,Diário,2023-01-12,12,1,2023,2023-01-12,2023-01-01,2023-01-01,1331.0,SANTA TEREZA DO OESTE,1 CLAUDIO 15/07,189/DSV,0. 0. 0 -> 0. 0. 0,1 - CGI SOFTWARE - FILIAL CARTAO DE CREDITO,Mauricio Brocco 3123dasdasda (1),PRESTACAO DE SERVICO DE PORTAR - 2000,MATE LEAO PESSEGO,.,PR
FIN001,Faturamento,1,Faturamento,R$,Diário,2023-01-12,12,1,2023,2023-01-12,2023-01-01,2023-01-01,5000.0,SANTA TEREZA DO OESTE,1 CLAUDIO 15/07,191/DSV,0. 0. 0 -> 0. 0. 0,1 - CGI SOFTWARE - FILIAL CARTAO DE CREDITO,Mauricio Brocco 3123dasdasda (1),PRESTACAO DE SERVICO DE PORTAR - 2000,MATE LEAO PESSEGO,.,PR
FIN001,Faturamento,1,Faturamento,R$,Diário,2023-01-12,12,1,2023,2023-01-12,2023-01-01,2023-01-01,500.0,SANTA TEREZA DO OESTE,1 CLAUDIO 15/07,192/DSV,0. 0. 0 -> 0. 0. 0,1 - CGI SOFTWARE - FILIAL CARTAO DE CREDITO,Mauricio Brocco 3123dasdasda (1),PRESTACAO DE SERVICO DE PORTAR - 2000,MATE LEAO PESSEGO,.,PR
FIN001,Faturamento,1,Faturamento,R$,Diário,2023-01-12,12,1,2023,2023-01-12,2023-01-01,2023-01-01,1000.0,SANTA TEREZA DO OESTE,1 CLAUDIO 15/07,3592/nfe,SEM ESTRUTURA,1 - CGI SOFTWARE - FILIAL CARTAO DE CREDITO,MERCADORIA SEM FORNECEDOR,Saida Extra - 557,SEM MERCADORIA,MARAU,PR
FIN001,Faturamento,1,Faturamento,R$,Diário,2023-01-12,12,1,2023,2023-01-12,2023-01-01,2023-01-01,2662.0,SANTA TEREZA DO OESTE,5 JUAREZ CELSO G. DE MIRANDA,190/DSV,0. 0. 0 -> 0. 0. 0,1 - CGI SOFTWARE - FILIAL CARTAO DE CREDITO,Mauricio Brocco 3123dasdasda (1),PRESTACAO DE SERVICO DE PORTAR - 2000,MATE LEAO PESSEGO,.,PR
FIN001,Faturamento,1,Faturamento,R$,Diário,2023-01-24,24,1,2023,2023-01-24,2023-01-01,2023-01-01,19.94,PARACATU,VENDEDOR DA STARA,3593/NFe,1. 3. 2 -> Fretes Não Agrupa ICMS,1 - CGI SOFTWARE - FILIAL CARTAO DE CREDITO,1059 - BIG GRAVATAÍ (36),VENDAS OFICINA - 61,MAO DE OBRA GARANTIA,MARAU,MG
FIN001,Faturamento,1,Faturamento,R$,Diário,2023-02-23,23,2,2023,2023-02-23,2023-02-01,2023-02-01,19.94,PARACATU,VENDEDOR DA STARA,3594/NFe,1. 3. 2 -> Fretes Não Agrupa ICMS,1 - CGI SOFTWARE - FILIAL CARTAO DE CREDITO,1059 - BIG GRAVATAÍ (36),VENDAS OFICINA - 61,MAO DE OBRA GARANTIA,MARAU,MG
FIN001,Faturamento,1,Faturamento,R$,Diário,2023-03-01,1,3,2023,2023-03-01,2023-03-01,2023-03-01,10.0,.,MAURICIO,6799/REQ,12. 1. 1 -> Oleo e Derivados,1 - CGI SOFTWARE - FILIAL CARTAO DE CREDITO,LEONIDIO CATARINA - M (114),REQUISICAO - 113,OLEO AC DELCO 15W40 CG-4 - MOTOR DIESEL,.,.
FIN001,Faturamento,1,Faturamento,R$,Diário,2023-03-01,1,3,2023,2023-03-01,2023-03-01,2023-03-01,6.0,.,MAURICIO,6799/REQ,12. 1. 1 -> Oleo e Derivados,1 - CGI SOFTWARE - FILIAL CARTAO DE CREDITO,TEXACO BRASIL S/A PRODUTOS DE PETRÓLEO (23),REQUISICAO - 113,OLEO P/DIFERENCIAL 85W140LS - SILVERADO,.,.
FIN001,Faturamento,1,Faturamento,R$,Diário,2023-03-22,22,3,2023,2023-03-22,2023-03-01,2023-03-01,40.0,.,MAURICIO,6800/REQ,8. 1. 6 -> Mecanica - Terceiros,1 - CGI SOFTWARE - FILIAL CARTAO DE CREDITO,BURLAMAQUE COM. DE MOTOS LT. (107),REQUISICAO - 113,KM RODADO,.,.
FIN001,Faturamento,1,Faturamento,R$,Diário,2023-03-31,31,3,2023,2023-03-31,2023-03-01,2023-03-01,10.0,.,MAURICIO,6801/REQ,9. 9. 9 -> Merc. Desativadas,1 - CGI SOFTWARE - FILIAL CARTAO DE CREDITO,1059 - BIG GRAVATAÍ (36),REQUISICAO - 113,PARAFUSO,.,.
FIN001,Faturamento,1,Faturamento,R$,Diário,2023-04-03,3,4,2023,2023-04-03,2023-04-01,2023-04-01,42.37,.,MAURICIO,6802/REQ,9. 1. 7 -> Eixo Traseiro,1 - CGI SOFTWARE - FILIAL CARTAO DE CREDITO,1059 - BIG GRAVATAÍ (36),REQUISICAO - 113,ROLAMENTO,.,.
FIN001,Faturamento,1,Faturamento,R$,Diário,2023-04-03,3,4,2023,2023-04-03,2023-04-01,2023-04-01,20.0,.,MAURICIO,6803/REQ,9. 1.12 -> Sistema Eletrico,1 - CGI SOFTWARE - FILIAL CARTAO DE CREDITO,Mauricio Brocco 3123dasdasda (1),REQUISICAO - 113,"""ADAP F 1/2"""" NPTXM 3/8""""NPT D10 """,.,.
FIN001,Faturamento,1,Faturamento,R$,Diário,2023-04-12,12,4,2023,2023-04-12,2023-04-01,2023-04-01,19.94,SANTA MARIA,VENDEDOR DA STARA,3596/NFe,1. 3. 2 -> Fretes Não Agrupa ICMS,1 - CGI SOFTWARE - FILIAL CARTAO DE CREDITO,1059 - BIG GRAVATAÍ (36),VENDAS OFICINA - 61,MAO DE OBRA GARANTIA,MARAU,RS
FIN001,Faturamento,1,Faturamento,R$,Diário,2023-05-15,15,5,2023,2023-05-15,2023-05-01,2023-05-01,19.6,Marau,VENDEDOR DA STARA,3597/NFe,1. 3. 2 -> Fretes Não Agrupa ICMS,1 - CGI SOFTWARE - FILIAL CARTAO DE CREDITO,1059 - BIG GRAVATAÍ (36),VENDAS OFICINA - 61,MAO DE OBRA GARANTIA,MARAU,RS
FIN001,Faturamento,1,Faturamento,R$,Diário,2023-05-31,31,5,2023,2023-05-31,2023-05-01,2023-05-01,2.0,SAO GABRIEL,VENDEDOR DA STARA,3599/NFe,1. 3. 2 -> Fretes Não Agrupa ICMS,1 - CGI SOFTWARE - FILIAL CARTAO DE CREDITO,1059 - BIG GRAVATAÍ (36),VENDAS OFICINA - 61,MAO DE OBRA GARANTIA,MARAU,RS
FIN001,Faturamento,1,Faturamento,R$,Diário,2023-06-06,6,6,2023,2023-06-06,2023-06-01,2023-06-01,9.8,SAO GABRIEL,VENDEDOR DA STARA,3600/NFe,1. 3. 2 -> Fretes Não Agrupa ICMS,1 - CGI SOFTWARE - FILIAL CARTAO DE CREDITO,1059 - BIG GRAVATAÍ (36),VENDAS OFICINA - 61,MAO DE OBRA GARANTIA,MARAU,RS
FIN001,Faturamento,1,Faturamento,R$,Diário,2023-06-23,23,6,2023,2023-06-23,2023-06-01,2023-06-01,18100.0,ARROIO DO MEIO,1 CLAUDIO 15/07,1041/nfe1,1. 1. 1 -> Automoveis Novos,1 - CGI SOFTWARE - FILIAL CARTAO DE CREDITO,1059 - BIG GRAVATAÍ (36),VENDAS BALCAO - NF. - 6,AEROFOLIO,.,RS
FIN001,Faturamento,1,Faturamento,R$,Diário,2023-06-23,23,6,2023,2023-06-23,2023-06-01,2023-06-01,2047.8,ARROIO DO MEIO,1 CLAUDIO 15/07,1042/nfe1,1. 1. 1 -> Automoveis Novos,1 - CGI SOFTWARE - FILIAL CARTAO DE CREDITO,1059 - BIG GRAVATAÍ (36),VENDAS BALCAO - NF. - 6,AEROFOLIO,.,RS
FIN001,Faturamento,1,Faturamento,R$,Diário,2023-06-23,23,6,2023,2023-06-23,2023-06-01,2023-06-01,1229.8,ARROIO DO MEIO,1 CLAUDIO 15/07,1043/nfe1,1. 1. 1 -> Automoveis Novos,1 - CGI SOFTWARE - FILIAL CARTAO DE CREDITO,1059 - BIG GRAVATAÍ (36),VENDAS BALCAO - NF. - 6,AEROFOLIO,.,RS
FIN001,Faturamento,1,Faturamento,R$,Diário,2023-06-23,23,6,2023,2023-06-23,2023-06-01,2023-06-01,2458.0,ARROIO DO MEIO,1 CLAUDIO 15/07,1044/nfe1,1. 1. 1 -> Automoveis Novos,1 - CGI SOFTWARE - FILIAL CARTAO DE CREDITO,1059 - BIG GRAVATAÍ (36),VENDAS BALCAO - NF. - 6,AEROFOLIO,.,RS
FIN001,Faturamento,1,Faturamento,R$,Diário,2023-07-05,5,7,2023,2023-07-05,2023-07-01,2023-07-01,0.0,SAO GABRIEL,7 CLAUDEMIR GARBINATO,1002056/M1,1. 1. 1 -> Automoveis Novos,1 - CGI SOFTWARE - FILIAL CARTAO DE CREDITO,Mauricio Brocco 3123dasdasda (1),SAIDA EXTRA - (nao integra nada) - 69,"""ADAP M1/2"""" NPTXM 3/4""""JIC D8,5 """,.,RS
FIN001,Faturamento,1,Faturamento,R$,Diário,2023-07-11,11,7,2023,2023-07-11,2023-07-01,2023-07-01,60.0,PASSO FUNDO,1 CLAUDIO 15/07,1045/nfe1,8. 1. 6 -> Mecanica - Terceiros,1 - CGI SOFTWARE - FILIAL CARTAO DE CREDITO,BURLAMAQUE COM. DE MOTOS LT. (107),VENDAS BALCAO - NF. - 6,KM RODADO,.,RS
FIN001,Faturamento,1,Faturamento,R$,Diário,2023-07-11,11,7,2023,2023-07-11,2023-07-01,2023-07-01,120.0,PASSO FUNDO,1 CLAUDIO 15/07,1046/nfe1,8. 1. 6 -> Mecanica - Terceiros,1 - CGI SOFTWARE - FILIAL CARTAO DE CREDITO,BURLAMAQUE COM. DE MOTOS LT. (107),VENDAS BALCAO - NF. - 6,KM RODADO,.,RS
FIN001,Faturamento,1,Faturamento,R$,Diário,2023-07-11,11,7,2023,2023-07-11,2023-07-01,2023-07-01,-100.0,PASSO FUNDO,1 CLAUDIO 15/07,1047/nfe1,8. 1. 6 -> Mecanica - Terceiros,1 - CGI SOFTWARE - FILIAL CARTAO DE CREDITO,BURLAMAQUE COM. DE MOTOS LT. (107),Devolucao Vendas Pecas - 71,KM RODADO,.,RS
FIN001,Faturamento,1,Faturamento,R$,Diário,2023-08-18,18,8,2023,2023-08-18,2023-08-01,2023-08-01,9.8,ARAPOTI,VENDEDOR DA STARA,3602/NFe,1. 3. 2 -> Fretes Não Agrupa ICMS,1 - CGI SOFTWARE - FILIAL CARTAO DE CREDITO,1059 - BIG GRAVATAÍ (36),VENDAS OFICINA - 61,MAO DE OBRA GARANTIA,MARAU,PR
FIN001,Faturamento,1,Faturamento,R$,Diário,2023-08-30,30,8,2023,2023-08-30,2023-08-01,2023-08-01,1.0,CHAPECÓ,2 VENDEDOR 15/07,1049/nfe1,8. 1. 6 -> Mecanica - Terceiros,1 - CGI SOFTWARE - FILIAL CARTAO DE CREDITO,BURLAMAQUE COM. DE MOTOS LT. (107),VENDAS BALCAO - NF. - 6,KM RODADO,.,RS
FIN001,Faturamento,1,Faturamento,R$,Diário,2023-08-30,30,8,2023,2023-08-30,2023-08-01,2023-08-01,1.0,CHAPECÓ,2 VENDEDOR 15/07,1051/nfe1,8. 1. 6 -> Mecanica - Terceiros,1 - CGI SOFTWARE - FILIAL CARTAO DE CREDITO,BURLAMAQUE COM. DE MOTOS LT. (107),VENDAS BALCAO - NF. - 6,KM RODADO,.,RS
FIN001,Faturamento,1,Faturamento,R$,Diário,2023-08-30,30,8,2023,2023-08-30,2023-08-01,2023-08-01,1.0,Marau,2 VENDEDOR 15/07,1050/nfe1,8. 1. 6 -> Mecanica - Terceiros,1 - CGI SOFTWARE - FILIAL CARTAO DE CREDITO,BURLAMAQUE COM. DE MOTOS LT. (107),VENDAS BALCAO - NF. - 6,KM RODADO,.,RS
FIN001,Faturamento,1,Faturamento,R$,Diário,2023-09-01,1,9,2023,2023-09-01,2023-09-01,2023-09-01,1.0,CHAPECÓ,2 VENDEDOR 15/07,1052/nfe1,8. 1. 6 -> Mecanica - Terceiros,1 - CGI SOFTWARE - FILIAL CARTAO DE CREDITO,BURLAMAQUE COM. DE MOTOS LT. (107),VENDAS BALCAO - NF. - 6,KM RODADO,.,RS
FIN001,Faturamento,1,Faturamento,R$,Diário,2023-09-22,22,9,2023,2023-09-22,2023-09-01,2023-09-01,34.3,CHAPECÓ,1 CLAUDIO 15/07,1059/nfe1,8. 1. 6 -> Mecanica - Terceiros,1 - CGI SOFTWARE - FILIAL CARTAO DE CREDITO,BURLAMAQUE COM. DE MOTOS LT. (107),VENDAS BALCAO - NF. - 6,KM RODADO,.,SC
FIN001,Faturamento,1,Faturamento,R$,Diário,2023-09-22,22,9,2023,2023-09-22,2023-09-01,2023-09-01,1000.0,Marau,1 CLAUDIO 15/07,1058/nfe1,8. 1. 6 -> Mecanica - Terceiros,1 - CGI SOFTWARE - FILIAL CARTAO DE CREDITO,BURLAMAQUE COM. DE MOTOS LT. (107),VENDAS BALCAO - NF. - 6,KM RODADO,.,RS
FIN001,Faturamento,1,Faturamento,R$,Diário,2023-09-25,25,9,2023,2023-09-25,2023-09-01,2023-09-01,34.3,CHAPECÓ,1 CLAUDIO 15/07,1060/nfe1,8. 1. 6 -> Mecanica - Terceiros,1 - CGI SOFTWARE - FILIAL CARTAO DE CREDITO,BURLAMAQUE COM. DE MOTOS LT. (107),VENDAS BALCAO - NF. - 6,KM RODADO,.,SC
FIN001,Faturamento,1,Faturamento,R$,Diário,2023-11-06,6,11,2023,2023-11-06,2023-11-01,2023-11-01,40.0,.,MAURICIO,6810/REQ,12. 1. 1 -> Oleo e Derivados,1 - CGI SOFTWARE - FILIAL CARTAO DE CREDITO,LEONIDIO CATARINA - M (114),REQUISICAO - 113,OLEO AC DELCO 15W40 CG-4 - MOTOR DIESEL,.,.
FIN001,Faturamento,1,Faturamento,R$,Diário,2023-11-06,6,11,2023,2023-11-06,2023-11-01,2023-11-01,0.0,900 JARAGUA DO SUL,2 VENDEDOR 15/07,3604/NFe,8. 1. 6 -> Mecanica - Terceiros,1 - CGI SOFTWARE - FILIAL CARTAO DE CREDITO,BURLAMAQUE COM. DE MOTOS LT. (107),VENDAS OFICINA - 61,KM RODADO,TAPEJARA,RS
FIN001,Faturamento,1,Faturamento,R$,Diário,2023-11-06,6,11,2023,2023-11-06,2023-11-01,2023-11-01,34.0,900 JARAGUA DO SUL,2 VENDEDOR 15/07,3604/NFe,12. 1. 1 -> Oleo e Derivados,1 - CGI SOFTWARE - FILIAL CARTAO DE CREDITO,LEONIDIO CATARINA - M (114),VENDAS OFICINA - 61,OLEO AC DELCO 15W40 CG-4 - MOTOR DIESEL,TAPEJARA,RS
FIN001,Faturamento,1,Faturamento,R$,Diário,2023-11-06,6,11,2023,2023-11-06,2023-11-01,2023-11-01,490.0,ARAPOTI,1 CLAUDIO 15/07,1061/nfe1,8. 1. 6 -> Mecanica - Terceiros,1 - CGI SOFTWARE - FILIAL CARTAO DE CREDITO,BURLAMAQUE COM. DE MOTOS LT. (107),VENDAS BALCAO - NF. - 6,KM RODADO,.,PR
FIN001,Faturamento,1,Faturamento,R$,Diário,2023-11-07,7,11,2023,2023-11-07,2023-11-01,2023-11-01,40.0,.,MAURICIO,6821/REQ,12. 1. 1 -> Oleo e Derivados,1 - CGI SOFTWARE - FILIAL CARTAO DE CREDITO,LEONIDIO CATARINA - M (114),REQUISICAO - 113,OLEO AC DELCO 15W40 CG-4 - MOTOR DIESEL,.,.
FIN001,Faturamento,1,Faturamento,R$,Diário,2023-12-28,28,12,2023,2023-12-28,2023-12-01,2023-12-01,20.0,.,MAURICIO,6829/REQ,12. 1. 1 -> Oleo e Derivados,1 - CGI SOFTWARE - FILIAL CARTAO DE CREDITO,LEONIDIO CATARINA - M (114),REQUISICAO - 113,OLEO AC DELCO 15W40 CG-4 - MOTOR DIESEL,.,.
FIN001,Faturamento,1,Faturamento,R$,Diário,2024-02-01,1,2,2024,2024-02-01,2024-02-01,2024-02-01,1029.0,ARAPOTI,1 CLAUDIO 15/07,1063/nfe1,1. 1. 1 -> Automoveis Novos,1 - CGI SOFTWARE - FILIAL CARTAO DE CREDITO,Mauricio Brocco 3123dasdasda (1),VENDAS VEICULOS - 7,"""BR CH (1/4X1"""")SAE-1020        """,.,PR
FIN001,Faturamento,1,Faturamento,R$,Diário,2024-02-01,1,2,2024,2024-02-01,2024-02-01,2024-02-01,1700.0,CAXIAS DO  SUL,1 CLAUDIO 15/07,1062/nfe1,1. 1. 1 -> Automoveis Novos,1 - CGI SOFTWARE - FILIAL CARTAO DE CREDITO,Mauricio Brocco 3123dasdasda (1),VENDAS VEICULOS - 7,"""asfsdfsdakl sdkukdjfal iodklakljdks ijd",.,RS
FIN001,Faturamento,1,Faturamento,R$,Diário,2024-02-01,1,2,2024,2024-02-01,2024-02-01,2024-02-01,815.15,CAXIAS DO  SUL,1 CLAUDIO 15/07,1064/nfe1,1. 1. 1 -> Automoveis Novos,1 - CGI SOFTWARE - FILIAL CARTAO DE CREDITO,Mauricio Brocco 3123dasdasda (1),VENDAS VEICULOS - 7,"""CJ LIMPA TRILHO """"V"""" CURTO-04  """,.,RS
FIN001,Faturamento,1,Faturamento,R$,Diário,2024-02-01,1,2,2024,2024-02-01,2024-02-01,2024-02-01,308.29,Marau,1 CLAUDIO 15/07,1065/nfe1,1. 1. 1 -> Automoveis Novos,1 - CGI SOFTWARE - FILIAL CARTAO DE CREDITO,Mauricio Brocco 3123dasdasda (1),VENDAS VEICULOS - 7,"""asfsdfsdakl sdkukdjfal iodklakljdks ijd",.,RS
FIN001,Faturamento,1,Faturamento,R$,Diário,2024-02-06,6,2,2024,2024-02-06,2024-02-01,2024-02-01,19.74,Marau,VENDEDOR DA STARA,3606/NFe,1. 3. 2 -> Fretes Não Agrupa ICMS,1 - CGI SOFTWARE - FILIAL CARTAO DE CREDITO,1059 - BIG GRAVATAÍ (36),VENDAS OFICINA - 61,MAO DE OBRA GARANTIA,.,RS
FIN001,Faturamento,1,Faturamento,R$,Diário,2024-02-06,6,2,2024,2024-02-06,2024-02-01,2024-02-01,20.15,Marau,VENDEDOR DA STARA,3607/NFe,1. 3. 2 -> Fretes Não Agrupa ICMS,1 - CGI SOFTWARE - FILIAL CARTAO DE CREDITO,1059 - BIG GRAVATAÍ (36),VENDAS OFICINA - 61,MAO DE OBRA GARANTIA,.,RS
FIN001,Faturamento,1,Faturamento,R$,Diário,2024-03-13,13,3,2024,2024-03-13,2024-03-01,2024-03-01,1.12,CHAPECÓ,1 CLAUDIO 15/07,1066/nfe1,8. 1. 6 -> Mecanica - Terceiros,1 - CGI SOFTWARE - FILIAL CARTAO DE CREDITO,BURLAMAQUE COM. DE MOTOS LT. (107),VENDAS BALCAO - NF. - 6,KM RODADO,PASSO FUNDO,SC
FIN001,Faturamento,1,Faturamento,R$,Diário,2024-03-13,13,3,2024,2024-03-13,2024-03-01,2024-03-01,1.12,CHAPECÓ,1 CLAUDIO 15/07,1067/nfe1,8. 1. 6 -> Mecanica - Terceiros,1 - CGI SOFTWARE - FILIAL CARTAO DE CREDITO,BURLAMAQUE COM. DE MOTOS LT. (107),VENDAS BALCAO - NF. - 6,KM RODADO,PASSO FUNDO,SC
FIN001,Faturamento,1,Faturamento,R$,Diário,2024-03-13,13,3,2024,2024-03-13,2024-03-01,2024-03-01,1.12,CHAPECÓ,1 CLAUDIO 15/07,1068/nfe1,8. 1. 6 -> Mecanica - Terceiros,1 - CGI SOFTWARE - FILIAL CARTAO DE CREDITO,BURLAMAQUE COM. DE MOTOS LT. (107),VENDAS BALCAO - NF. - 6,KM RODADO,PASSO FUNDO,SC
FIN001,Faturamento,1,Faturamento,R$,Diário,2024-03-14,14,3,2024,2024-03-14,2024-03-01,2024-03-01,1.12,CHAPECÓ,1 CLAUDIO 15/07,1069/nfe1,8. 1. 6 -> Mecanica - Terceiros,1 - CGI SOFTWARE - FILIAL CARTAO DE CREDITO,BURLAMAQUE COM. DE MOTOS LT. (107),VENDAS BALCAO - NF. - 6,KM RODADO,PASSO FUNDO,SC
FIN001,Faturamento,1,Faturamento,R$,Diário,2024-03-15,15,3,2024,2024-03-15,2024-03-01,2024-03-01,1.12,CHAPECÓ,1 CLAUDIO 15/07,1070/nfe1,8. 1. 6 -> Mecanica - Terceiros,1 - CGI SOFTWARE - FILIAL CARTAO DE CREDITO,BURLAMAQUE COM. DE MOTOS LT. (107),VENDAS BALCAO - NF. - 6,KM RODADO,PASSO FUNDO,SC
FIN001,Faturamento,1,Faturamento,R$,Diário,2024-03-15,15,3,2024,2024-03-15,2024-03-01,2024-03-01,0.97,CHAPECÓ,1 CLAUDIO 15/07,1071/nfe1,8. 1. 6 -> Mecanica - Terceiros,1 - CGI SOFTWARE - FILIAL CARTAO DE CREDITO,BURLAMAQUE COM. DE MOTOS LT. (107),VENDAS BALCAO - NF. - 6,KM RODADO,.,SC
FIN001,Faturamento,1,Faturamento,R$,Diário,2024-03-15,15,3,2024,2024-03-15,2024-03-01,2024-03-01,0.97,CHAPECÓ,1 CLAUDIO 15/07,1072/nfe1,8. 1. 6 -> Mecanica - Terceiros,1 - CGI SOFTWARE - FILIAL CARTAO DE CREDITO,BURLAMAQUE COM. DE MOTOS LT. (107),VENDAS BALCAO - NF. - 6,KM RODADO,.,SC
FIN001,Faturamento,1,Faturamento,R$,Diário,2024-03-15,15,3,2024,2024-03-15,2024-03-01,2024-03-01,0.97,CHAPECÓ,1 CLAUDIO 15/07,1073/nfe1,8. 1. 6 -> Mecanica - Terceiros,1 - CGI SOFTWARE - FILIAL CARTAO DE CREDITO,BURLAMAQUE COM. DE MOTOS LT. (107),VENDAS BALCAO - NF. - 6,KM RODADO,.,SC
FIN001,Faturamento,1,Faturamento,R$,Diário,2024-04-05,5,4,2024,2024-04-05,2024-04-01,2024-04-01,39.02,CHAPECÓ,1 CLAUDIO 15/07,1074/nfe1,8. 1. 6 -> Mecanica - Terceiros,1 - CGI SOFTWARE - FILIAL CARTAO DE CREDITO,BURLAMAQUE COM. DE MOTOS LT. (107),VENDAS BALCAO - NF. - 6,KM RODADO,.,SC
